日期,股票代码,开盘,收盘,最高,最低,成交量,成交额,振幅,涨跌幅,涨跌额,换手率
2024-01-02,300512,8.24,8.28,8.32,8.21,20262,17091074.0,1.33,0.49,0.04,0.62
2024-01-03,300512,8.28,8.25,8.31,8.16,20695,17366556.0,1.81,-0.36,-0.03,0.63
2024-01-04,300512,8.27,8.62,9.0,8.19,149957,131016579.0,9.82,4.48,0.37,4.58
2024-01-05,300512,8.48,8.22,8.55,8.09,117789,99619824.0,5.34,-4.64,-0.4,3.6
2024-01-08,300512,8.12,8.16,8.19,8.06,56574,46872703.0,1.58,-0.73,-0.06,1.73
2024-01-09,300512,8.16,8.3,8.46,8.09,76952,65333750.0,4.53,1.72,0.14,2.35
2024-01-10,300512,8.33,8.45,8.68,8.02,104957,89519448.0,7.95,1.81,0.15,3.21
2024-01-11,300512,8.36,8.38,8.42,8.24,63179,53685483.0,2.13,-0.83,-0.07,1.93
2024-01-12,300512,8.34,8.14,8.35,8.12,56643,47398587.0,2.74,-2.86,-0.24,1.73
2024-01-15,300512,8.13,7.98,8.16,7.94,45525,37320110.0,2.7,-1.97,-0.16,1.39
2024-01-16,300512,8.01,7.86,8.03,7.73,42128,33793836.0,3.76,-1.5,-0.12,1.29
2024-01-17,300512,7.83,7.72,7.93,7.7,25832,20655319.0,2.93,-1.78,-0.14,0.79
2024-01-18,300512,7.72,7.51,7.74,7.33,44736,34255823.0,5.31,-2.72,-0.21,1.37
2024-01-19,300512,7.57,7.33,7.57,7.31,25017,18949751.0,3.46,-2.4,-0.18,0.76
2024-01-22,300512,7.34,6.78,7.38,6.73,37257,26879931.0,8.87,-7.5,-0.55,1.14
2024-01-23,300512,6.71,6.57,6.83,6.45,35861,24164261.0,5.6,-3.1,-0.21,1.1
2024-01-24,300512,6.61,6.73,6.75,6.45,35440,24055706.0,4.57,2.44,0.16,1.08
2024-01-25,300512,6.73,7.03,7.04,6.72,33660,23813508.0,4.75,4.46,0.3,1.03
2024-01-26,300512,7.04,7.09,7.19,7.03,25286,18428468.0,2.28,0.85,0.06,0.77
2024-01-29,300512,7.13,6.79,7.14,6.73,28596,20091723.0,5.78,-4.23,-0.3,0.87
2024-01-30,300512,6.73,6.55,6.83,6.54,27419,18791940.0,4.27,-3.53,-0.24,0.84
2024-01-31,300512,6.52,6.08,6.55,6.04,35815,23060113.0,7.79,-7.18,-0.47,1.09
2024-02-01,300512,6.02,5.92,6.07,5.74,34617,20977015.0,5.43,-2.63,-0.16,1.06
2024-02-02,300512,5.91,5.58,6.07,5.33,40352,23710666.0,12.5,-5.74,-0.34,1.23
2024-02-05,300512,5.41,4.82,5.56,4.73,59823,30799544.0,14.87,-13.62,-0.76,1.83
2024-02-06,300512,4.71,4.83,5.03,4.33,61869,29694042.0,14.52,0.21,0.01,1.89
2024-02-07,300512,4.81,4.58,4.86,4.44,59440,28491983.0,8.7,-5.18,-0.25,1.82
2024-02-08,300512,4.51,4.99,5.08,4.35,69132,33420455.0,15.94,8.95,0.41,2.11
2024-02-19,300512,5.09,5.24,5.39,5.08,49547,26800859.0,6.21,5.01,0.25,1.51
2024-02-20,300512,5.25,5.34,5.36,5.12,31531,17192282.0,4.58,1.91,0.1,0.96
2024-02-21,300512,5.32,5.55,5.68,5.22,47101,26815307.0,8.61,3.93,0.21,1.44
2024-02-22,300512,5.56,5.76,5.76,5.44,36992,21455370.0,5.77,3.78,0.21,1.13
2024-02-23,300512,5.78,6.02,6.05,5.68,39089,23751585.0,6.42,4.51,0.26,1.19
2024-02-26,300512,7.26,7.26,7.26,7.26,89759,66691263.0,0.0,20.6,1.24,2.74
2024-02-27,300512,7.83,7.74,8.71,7.3,350009,284077185.0,19.42,6.61,0.48,10.7
2024-02-28,300512,7.6,6.63,7.69,6.48,263434,193160480.0,15.63,-14.34,-1.11,8.05
2024-02-29,300512,6.31,6.92,7.08,6.31,188793,129647044.0,11.61,4.37,0.29,5.76
2024-03-01,300512,6.81,6.65,6.85,6.58,112657,77237051.0,3.9,-3.9,-0.27,3.44
2024-03-04,300512,6.73,6.56,6.75,6.37,90419,60380466.0,5.71,-1.35,-0.09,2.76
2024-03-05,300512,6.51,6.29,6.51,6.25,78115,50891988.0,3.96,-4.12,-0.27,2.38
2024-03-06,300512,6.34,6.68,6.86,6.31,122986,83581142.0,8.74,6.2,0.39,3.75
2024-03-07,300512,6.71,6.78,7.19,6.65,156208,110103178.0,8.08,1.5,0.1,4.76
2024-03-08,300512,6.71,6.6,6.77,6.47,86982,58671248.0,4.42,-2.65,-0.18,2.65
2024-03-11,300512,6.6,6.56,6.6,6.44,63884,42695196.0,2.42,-0.61,-0.04,1.95
2024-03-12,300512,6.59,6.59,6.63,6.51,55854,37607868.0,1.83,0.46,0.03,1.7
2024-03-13,300512,6.54,6.56,6.63,6.5,49648,33371320.0,1.97,-0.46,-0.03,1.51
2024-03-14,300512,6.56,6.46,6.6,6.34,48567,32307281.0,3.96,-1.52,-0.1,1.48
2024-03-15,300512,6.44,6.68,6.68,6.4,62916,42382116.0,4.33,3.41,0.22,1.92
2024-03-18,300512,6.69,6.75,6.75,6.63,57723,39616283.0,1.8,1.05,0.07,1.76
2024-03-19,300512,6.71,6.71,6.8,6.67,57728,39818985.0,1.93,-0.59,-0.04,1.76
2024-03-20,300512,6.7,6.84,6.86,6.67,63076,43858829.0,2.83,1.94,0.13,1.92
2024-03-21,300512,6.83,6.81,6.93,6.69,59748,41603337.0,3.51,-0.44,-0.03,1.82
2024-03-22,300512,6.88,6.63,6.89,6.58,54257,37110371.0,4.55,-2.64,-0.18,1.65
2024-03-25,300512,6.59,6.42,6.69,6.39,47788,32134503.0,4.52,-3.17,-0.21,1.46
2024-03-26,300512,6.4,6.5,6.53,6.35,37705,24952480.0,2.8,1.25,0.08,1.15
2024-03-27,300512,6.5,6.2,6.55,6.2,35919,23362026.0,5.38,-4.62,-0.3,1.1
2024-03-28,300512,6.26,6.33,6.44,6.22,36702,23879257.0,3.55,2.1,0.13,1.12
2024-03-29,300512,6.36,6.48,6.51,6.29,31052,20483123.0,3.48,2.37,0.15,0.95
2024-04-01,300512,6.55,6.67,6.67,6.49,29853,20236019.0,2.78,2.93,0.19,0.91
2024-04-02,300512,6.61,6.83,7.11,6.57,96874,67633162.0,8.1,2.4,0.16,2.95
2024-04-03,300512,6.66,6.49,6.85,6.43,70550,47501032.0,6.15,-4.98,-0.34,2.15
2024-04-08,300512,6.48,6.19,6.48,6.18,46491,30043113.0,4.62,-4.62,-0.3,1.42
2024-04-09,300512,6.18,6.28,6.32,6.15,25062,16063659.0,2.75,1.45,0.09,0.76
2024-04-10,300512,6.32,6.14,6.34,6.05,31791,20172674.0,4.62,-2.23,-0.14,0.97
2024-04-11,300512,6.1,6.31,6.41,6.03,35368,22778564.0,6.19,2.77,0.17,1.08
2024-04-12,300512,6.34,6.19,6.5,6.18,31636,20632120.0,5.07,-1.9,-0.12,0.96
2024-04-15,300512,6.11,5.8,6.27,5.69,49251,29883805.0,9.37,-6.3,-0.39,1.5
2024-04-16,300512,5.72,5.19,5.8,5.19,50593,27944636.0,10.52,-10.52,-0.61,1.54
2024-04-17,300512,5.31,5.79,5.83,5.3,42503,24728506.0,10.21,11.56,0.6,1.3
2024-04-18,300512,5.92,5.76,5.92,5.62,32674,19316380.0,5.18,-0.52,-0.03,1.0
2024-04-19,300512,5.76,5.66,5.77,5.62,20483,11967481.0,2.6,-1.74,-0.1,0.62
2024-04-22,300512,5.59,5.65,5.68,5.38,18654,10715389.0,5.3,-0.18,-0.01,0.57
2024-04-23,300512,5.71,5.77,5.79,5.58,25300,14924637.0,3.72,2.12,0.12,0.77
2024-04-24,300512,5.81,5.95,5.96,5.72,26320,15917422.0,4.16,3.12,0.18,0.8
2024-04-25,300512,5.98,6.03,6.09,5.86,25033,15421935.0,3.87,1.34,0.08,0.76
2024-04-26,300512,6.01,6.14,6.16,5.98,28592,17912260.0,2.99,1.82,0.11,0.87
2024-04-29,300512,6.14,6.37,6.4,6.06,45967,29538916.0,5.54,3.75,0.23,1.4
2024-04-30,300512,6.33,6.33,6.43,6.27,24865,16141875.0,2.51,-0.63,-0.04,0.76
2024-05-06,300512,6.55,6.5,6.56,6.43,31442,20906039.0,2.05,2.69,0.17,0.96
2024-05-07,300512,6.43,6.59,6.61,6.43,26379,17737269.0,2.77,1.38,0.09,0.8
2024-05-08,300512,6.59,6.46,6.63,6.44,23860,15910281.0,2.88,-1.97,-0.13,0.73
2024-05-09,300512,6.49,6.52,6.59,6.49,18168,12190712.0,1.55,0.93,0.06,0.55
2024-05-10,300512,6.52,6.49,6.58,6.41,23701,15764319.0,2.61,-0.46,-0.03,0.72
2024-05-13,300512,6.14,6.31,6.53,6.14,30605,20010384.0,6.01,-2.77,-0.18,0.93
2024-05-14,300512,6.17,6.35,6.41,6.17,22828,14887120.0,3.8,0.63,0.04,0.7
2024-05-15,300512,6.36,6.33,6.45,6.28,16901,11058689.0,2.68,-0.31,-0.02,0.52
2024-05-16,300512,6.31,6.37,6.53,6.31,18416,12096752.0,3.48,0.63,0.04,0.56
2024-05-17,300512,6.37,6.5,6.5,6.34,21137,13956243.0,2.51,2.04,0.13,0.64
2024-05-20,300512,6.53,6.46,6.7,6.43,22839,15255091.0,4.15,-0.62,-0.04,0.7
2024-05-21,300512,6.46,6.34,6.47,6.31,18254,11930919.0,2.48,-1.86,-0.12,0.56
2024-05-22,300512,6.13,6.37,6.47,6.13,19185,12568368.0,5.36,0.47,0.03,0.58
2024-05-23,300512,6.37,6.25,6.38,6.23,16614,10728229.0,2.35,-1.88,-0.12,0.51
2024-05-24,300512,6.29,6.18,6.32,6.13,19401,12420540.0,3.04,-1.12,-0.07,0.59
2024-05-27,300512,6.18,6.2,6.43,6.07,18733,11855422.0,5.83,0.32,0.02,0.57
2024-05-28,300512,6.18,6.23,6.52,6.14,37412,24294652.0,6.13,0.48,0.03,1.14
2024-05-29,300512,6.23,6.21,6.34,6.15,30688,19653961.0,3.05,-0.32,-0.02,0.94
2024-05-30,300512,6.16,6.16,6.25,6.1,20639,13100655.0,2.42,-0.81,-0.05,0.63
2024-05-31,300512,6.17,6.34,6.39,6.16,25328,16365976.0,3.73,2.92,0.18,0.77
2024-06-03,300512,6.42,6.07,6.42,6.01,30838,19519590.0,6.47,-4.26,-0.27,0.94
2024-06-04,300512,5.96,5.9,6.04,5.8,26168,15806023.0,3.95,-2.8,-0.17,0.8
2024-06-05,300512,5.73,5.77,5.94,5.73,18751,11048938.0,3.56,-2.2,-0.13,0.57
2024-06-06,300512,5.76,5.4,5.9,5.3,46082,25495012.0,10.4,-6.41,-0.37,1.4
2024-06-07,300512,5.45,5.69,5.73,5.45,34224,19488128.0,5.19,5.37,0.29,1.04
2024-06-11,300512,5.68,5.71,5.73,5.49,22963,13074902.0,4.22,0.35,0.02,0.7
2024-06-12,300512,5.77,5.83,5.84,5.69,13747,8073757.0,2.63,2.1,0.12,0.42
2024-06-13,300512,5.82,5.83,5.91,5.73,16999,10023553.0,3.09,0.0,0.0,0.52
2024-06-14,300512,5.81,5.8,5.89,5.7,13677,7983470.0,3.26,-0.51,-0.03,0.42
2024-06-17,300512,5.78,5.71,5.8,5.69,13189,7653156.0,1.9,-1.55,-0.09,0.4
2024-06-18,300512,5.69,5.93,5.94,5.63,21746,12862356.0,5.43,3.85,0.22,0.66
2024-06-19,300512,5.93,5.97,6.05,5.88,19356,11672461.0,2.87,0.67,0.04,0.59
2024-06-20,300512,6.03,5.76,6.14,5.75,19026,11225796.0,6.53,-3.52,-0.21,0.58
2024-06-21,300512,5.74,5.76,5.8,5.6,20450,11851087.0,3.47,0.0,0.0,0.62
2024-06-24,300512,5.47,5.44,5.66,5.4,25738,14314180.0,4.51,-5.56,-0.32,0.79
2024-06-25,300512,5.47,5.51,5.64,5.44,21256,11913147.0,3.68,1.29,0.07,0.65
2024-06-26,300512,5.62,5.9,5.91,5.48,28442,16480879.0,7.8,7.08,0.39,0.87
2024-06-27,300512,5.87,5.78,5.97,5.73,30746,18228528.0,4.07,-2.03,-0.12,0.94
2024-06-28,300512,5.75,5.85,5.93,5.69,28398,16801214.0,4.15,1.21,0.07,0.87
2024-07-01,300512,5.85,5.75,5.89,5.59,28310,16278856.0,5.13,-1.71,-0.1,0.86
2024-07-02,300512,5.65,5.73,5.83,5.65,24458,14242028.0,3.13,-0.35,-0.02,0.75
2024-07-03,300512,5.73,5.63,5.75,5.61,18452,10587661.0,2.44,-1.75,-0.1,0.56
2024-07-04,300512,5.64,5.45,5.71,5.43,19376,10850020.0,4.97,-3.2,-0.18,0.59
2024-07-05,300512,5.41,5.57,5.59,5.33,20070,11144072.0,4.77,2.2,0.12,0.61
2024-07-08,300512,5.55,5.37,5.55,5.34,14164,7740575.0,3.77,-3.59,-0.2,0.43
2024-07-09,300512,5.33,5.42,5.45,5.21,23118,12493376.0,4.47,0.93,0.05,0.71
2024-07-10,300512,5.5,5.32,5.5,5.3,18417,10011037.0,3.69,-1.85,-0.1,0.56
2024-07-11,300512,5.45,5.68,5.72,5.43,33092,18758122.0,5.45,6.77,0.36,1.01
2024-07-12,300512,5.67,5.62,5.68,5.57,17918,10195299.0,1.94,-1.06,-0.06,0.55
2024-07-15,300512,5.57,5.47,5.63,5.41,14602,8075926.0,3.91,-2.67,-0.15,0.45
2024-07-16,300512,5.42,5.39,5.46,5.3,16798,9143892.0,2.93,-1.46,-0.08,0.51
2024-07-17,300512,5.39,5.39,5.45,5.28,24094,13092070.0,3.15,0.0,0.0,0.74
2024-07-18,300512,5.35,5.3,5.36,5.22,25678,13704830.0,2.6,-1.67,-0.09,0.78
2024-07-19,300512,5.23,5.41,5.44,5.23,21226,11544851.0,3.96,2.08,0.11,0.65
2024-07-22,300512,5.41,5.46,5.49,5.37,13317,7343777.0,2.22,0.92,0.05,0.41
2024-07-23,300512,5.46,5.39,5.57,5.38,14391,8000223.0,3.48,-1.28,-0.07,0.44
2024-07-24,300512,5.38,5.26,5.39,5.23,20044,10746233.0,2.97,-2.41,-0.13,0.61
2024-07-25,300512,5.23,5.33,5.39,5.21,19347,10390297.0,3.42,1.33,0.07,0.59
2024-07-26,300512,5.34,5.53,5.53,5.34,23114,12788006.0,3.56,3.75,0.2,0.71
2024-07-29,300512,5.51,5.54,5.58,5.44,19391,10847915.0,2.53,0.18,0.01,0.59
2024-07-30,300512,5.55,5.57,5.6,5.45,17044,9578339.0,2.71,0.54,0.03,0.52
2024-07-31,300512,5.57,5.71,5.74,5.49,20396,11712462.0,4.49,2.51,0.14,0.62
2024-08-01,300512,5.71,5.69,5.83,5.67,14752,8542221.0,2.8,-0.35,-0.02,0.45
2024-08-02,300512,5.62,5.6,5.71,5.57,15749,8987844.0,2.46,-1.58,-0.09,0.48
2024-08-05,300512,5.55,5.4,5.63,5.38,18614,10344817.0,4.46,-3.57,-0.2,0.57
2024-08-06,300512,5.43,5.53,5.53,5.42,12251,6809662.0,2.04,2.41,0.13,0.37
2024-08-07,300512,5.5,5.53,5.57,5.49,12521,7018181.0,1.45,0.0,0.0,0.38
2024-08-08,300512,5.58,5.5,5.58,5.38,15828,8769968.0,3.62,-0.54,-0.03,0.48
2024-08-09,300512,5.52,5.81,6.0,5.46,89001,51772710.0,9.82,5.64,0.31,2.72
2024-08-12,300512,5.6,5.55,5.72,5.53,76364,43380069.0,3.27,-4.48,-0.26,2.33
2024-08-13,300512,5.53,5.68,5.68,5.38,57298,32275137.0,5.41,2.34,0.13,1.75
2024-08-14,300512,5.77,5.74,5.88,5.68,48753,28469654.0,3.52,1.06,0.06,1.49
2024-08-15,300512,5.73,5.8,5.82,5.62,35081,20376596.0,3.48,1.05,0.06,1.07
2024-08-16,300512,5.81,6.08,6.48,5.72,99013,60852301.0,13.1,4.83,0.28,3.02
2024-08-19,300512,5.99,5.92,6.02,5.81,67323,40154508.0,3.45,-2.63,-0.16,2.05
2024-08-20,300512,5.85,5.86,6.01,5.83,37722,22494903.0,3.04,-1.01,-0.06,1.15
2024-08-21,300512,5.86,5.91,5.99,5.84,37472,22435128.0,2.56,0.85,0.05,1.14
2024-08-22,300512,5.9,5.73,5.96,5.69,35500,20838646.0,4.57,-3.05,-0.18,1.08
2024-08-23,300512,5.7,5.84,5.89,5.58,37127,21603536.0,5.41,1.92,0.11,1.13
2024-08-26,300512,5.84,6.28,6.92,5.79,156294,101024872.0,19.35,7.53,0.44,4.77
2024-08-27,300512,6.05,6.72,7.47,6.05,239947,159256300.0,22.61,7.01,0.44,7.32
2024-08-28,300512,6.43,6.57,6.79,6.25,187204,122616821.0,8.04,-2.23,-0.15,5.71
2024-08-29,300512,6.45,6.85,7.11,6.34,210839,142093926.0,11.72,4.26,0.28,6.43
2024-08-30,300512,6.66,6.97,7.31,6.65,256010,181657470.0,9.64,1.75,0.12,7.81
2024-09-02,300512,6.83,6.84,6.91,6.58,154714,105523285.0,4.73,-1.87,-0.13,4.72
2024-09-03,300512,6.74,6.71,6.76,6.49,134788,89990732.0,3.95,-1.9,-0.13,4.11
2024-09-04,300512,7.03,6.7,7.43,6.51,163928,114149863.0,13.71,-0.15,-0.01,5.0
2024-09-05,300512,6.42,6.34,6.49,6.11,142476,90449245.0,5.67,-5.37,-0.36,4.35
2024-09-06,300512,6.27,6.0,6.32,5.94,101821,62804431.0,5.99,-5.36,-0.34,3.11
2024-09-09,300512,5.9,5.92,6.03,5.86,64261,38526410.0,2.83,-1.33,-0.08,1.96
2024-09-10,300512,5.83,5.84,5.88,5.65,67024,39065125.0,3.89,-1.35,-0.08,2.04
2024-09-11,300512,5.83,5.77,6.06,5.77,52521,31142167.0,4.97,-1.2,-0.07,1.6
2024-09-12,300512,5.79,5.73,5.85,5.72,45032,26360861.0,2.25,-0.69,-0.04,1.37
2024-09-13,300512,5.7,5.57,5.76,5.53,48575,27647020.0,4.01,-2.79,-0.16,1.48
2024-09-18,300512,5.58,5.45,5.63,5.38,33169,18329938.0,4.49,-2.15,-0.12,1.01
2024-09-19,300512,5.5,5.63,5.66,5.47,33106,18726805.0,3.49,3.3,0.18,1.01
2024-09-20,300512,5.64,5.59,5.67,5.56,28778,16319536.0,1.95,-0.71,-0.04,0.88
2024-09-23,300512,5.59,5.61,5.66,5.51,25785,14660147.0,2.68,0.36,0.02,0.79
2024-09-24,300512,5.64,5.72,5.74,5.54,51582,29596559.0,3.57,1.96,0.11,1.57
2024-09-25,300512,5.75,5.74,5.87,5.72,53410,31344590.0,2.62,0.35,0.02,1.63
2024-09-26,300512,5.74,5.84,5.86,5.71,42266,24812955.0,2.61,1.74,0.1,1.29
2024-09-27,300512,5.92,6.16,6.21,5.88,83179,50847094.0,5.65,5.48,0.32,2.54
2024-09-30,300512,6.36,7.0,7.12,6.21,144294,97272827.0,14.77,13.64,0.84,4.4
2024-10-08,300512,8.31,7.82,8.31,7.23,164284,127969827.0,15.43,11.71,0.82,5.01
2024-10-09,300512,7.55,6.77,7.62,6.75,116304,84234677.0,11.13,-13.43,-1.05,3.55
2024-10-10,300512,6.98,6.96,7.23,6.72,89939,63420840.0,7.53,2.81,0.19,2.74
2024-10-11,300512,6.95,6.6,6.95,6.48,59336,40028622.0,6.75,-5.17,-0.36,1.81
2024-10-14,300512,6.61,6.83,6.87,6.53,51260,34835318.0,5.15,3.48,0.23,1.56
2024-10-15,300512,6.87,6.7,6.92,6.66,51460,35371588.0,3.81,-1.9,-0.13,1.57
2024-10-16,300512,6.61,6.76,6.82,6.58,41687,28397033.0,3.58,0.9,0.06,1.27
2024-10-17,300512,6.79,6.7,6.94,6.69,46564,32055902.0,3.7,-0.89,-0.06,1.42
2024-10-18,300512,6.63,6.91,7.05,6.63,58799,40809519.0,6.27,3.13,0.21,1.79
2024-10-21,300512,6.97,7.07,7.18,6.96,59048,41986971.0,3.18,2.32,0.16,1.8
2024-10-22,300512,7.09,7.11,7.2,7.02,49198,35190345.0,2.55,0.57,0.04,1.5
2024-10-23,300512,7.14,7.03,7.17,6.99,50197,35775741.0,2.53,-1.13,-0.08,1.53
2024-10-24,300512,6.99,7.0,7.03,6.84,36584,25669000.0,2.7,-0.43,-0.03,1.12
2024-10-25,300512,7.01,7.18,7.2,7.01,50076,36053897.0,2.71,2.57,0.18,1.53
2024-10-28,300512,7.32,7.39,7.41,7.23,50358,37117985.0,2.51,2.92,0.21,1.54
2024-10-29,300512,7.4,7.14,7.45,7.13,54001,39422998.0,4.33,-3.38,-0.25,1.65
2024-10-30,300512,7.13,7.21,7.3,7.09,51366,37225320.0,2.94,0.98,0.07,1.57
2024-10-31,300512,7.2,7.34,7.4,7.09,57057,41972949.0,4.3,1.8,0.13,1.74
2024-11-01,300512,7.31,6.95,7.4,6.92,67686,48215772.0,6.54,-5.31,-0.39,2.06
2024-11-04,300512,6.89,7.11,7.15,6.86,40727,29001214.0,4.17,2.3,0.16,1.24
2024-11-05,300512,7.11,7.26,7.29,7.06,38500,27943789.0,3.23,2.11,0.15,1.17
2024-11-06,300512,7.25,7.24,7.38,7.16,43909,32236831.0,3.03,-0.28,-0.02,1.34
2024-11-07,300512,7.22,7.44,7.44,7.13,49229,36441626.0,4.28,2.76,0.2,1.5
2024-11-08,300512,7.52,7.41,7.72,7.35,60660,45659376.0,4.97,-0.4,-0.03,1.85
2024-11-11,300512,7.37,7.64,7.65,7.37,51169,38881573.0,3.78,3.1,0.23,1.56
2024-11-12,300512,7.64,7.53,7.75,7.44,61413,47202300.0,4.06,-1.44,-0.11,1.87
2024-11-13,300512,7.51,7.63,7.66,7.34,50914,38481147.0,4.25,1.33,0.1,1.55
2024-11-14,300512,7.54,7.33,7.69,7.32,49666,37395889.0,4.85,-3.93,-0.3,1.51
2024-11-15,300512,7.33,7.23,7.53,7.2,47400,35230833.0,4.5,-1.36,-0.1,1.44
2024-11-18,300512,7.32,7.03,7.34,6.94,54195,38700062.0,5.53,-2.77,-0.2,1.65
2024-11-19,300512,6.99,7.34,7.35,6.92,44778,32346477.0,6.12,4.41,0.31,1.36
2024-11-20,300512,7.32,7.57,7.62,7.3,49584,37485065.0,4.36,3.13,0.23,1.51
2024-11-21,300512,7.53,7.53,7.62,7.41,34806,26388720.0,2.77,-0.53,-0.04,1.06
2024-11-22,300512,7.51,7.18,7.58,7.14,52481,39086124.0,5.84,-4.65,-0.35,1.6
2024-11-25,300512,7.18,7.37,7.38,7.06,46983,34387208.0,4.46,2.65,0.19,1.43
2024-11-26,300512,7.37,7.24,7.45,7.19,41085,30319958.0,3.53,-1.76,-0.13,1.25
2024-11-27,300512,7.24,7.34,7.34,6.93,50787,36310977.0,5.66,1.38,0.1,1.55
2024-11-28,300512,7.32,7.5,7.64,7.18,65685,49618674.0,6.27,2.18,0.16,2.0
2024-11-29,300512,7.45,7.93,8.13,7.4,197210,155661274.0,9.73,5.73,0.43,6.0
2024-12-02,300512,7.89,7.96,8.02,7.75,167288,132904855.0,3.4,0.38,0.03,5.09
2024-12-03,300512,7.96,7.89,8.11,7.83,95167,76085876.0,3.52,-0.88,-0.07,2.9
2024-12-04,300512,7.88,7.75,7.97,7.69,72468,57278634.0,3.55,-1.77,-0.14,2.21
2024-12-05,300512,7.7,7.79,7.85,7.7,44047,34510755.0,1.94,0.52,0.04,1.34
2024-12-06,300512,7.83,7.76,7.87,7.64,59449,46394915.0,2.95,-0.39,-0.03,1.81
2024-12-09,300512,7.79,7.88,7.97,7.76,62915,49872798.0,2.71,1.55,0.12,1.91
2024-12-10,300512,8.06,7.9,8.14,7.88,75133,60636805.0,3.3,0.25,0.02,2.29
2024-12-11,300512,7.9,8.12,8.14,7.81,75079,60624287.0,4.18,2.78,0.22,2.29
2024-12-12,300512,8.09,8.06,8.15,7.96,61016,49452525.0,2.34,-0.74,-0.06,1.86
2024-12-13,300512,8.03,7.84,8.12,7.82,61439,49222517.0,3.72,-2.73,-0.22,1.87
2024-12-16,300512,7.83,7.84,7.96,7.78,42661,33756136.0,2.3,0.0,0.0,1.3
2024-12-17,300512,7.75,7.37,7.86,7.34,58703,44411263.0,6.63,-5.99,-0.47,1.79
2024-12-18,300512,7.45,7.34,7.48,7.16,39714,29466777.0,4.34,-0.41,-0.03,1.21
2024-12-19,300512,7.27,7.45,7.54,7.21,43147,32231633.0,4.5,1.5,0.11,1.31
2024-12-20,300512,7.43,7.6,7.71,7.39,44046,33714691.0,4.3,2.01,0.15,1.34
2024-12-23,300512,7.62,7.07,7.62,7.04,64324,47133732.0,7.63,-6.97,-0.53,1.96
2024-12-24,300512,7.08,7.09,7.29,6.97,39067,27938161.0,4.53,0.28,0.02,1.19
2024-12-25,300512,7.09,6.84,7.1,6.74,43689,30145771.0,5.08,-3.53,-0.25,1.33
2024-12-26,300512,6.81,6.91,7.02,6.81,32579,22826632.0,3.07,1.02,0.07,0.99
2024-12-27,300512,6.97,7.06,7.2,6.83,38221,27321600.0,5.35,2.17,0.15,1.16
2024-12-30,300512,6.94,6.97,7.05,6.66,39167,27262777.0,5.52,-1.27,-0.09,1.19
2024-12-31,300512,7.04,6.75,7.09,6.73,35781,24762200.0,5.16,-3.16,-0.22,1.09
2025-01-02,300512,6.74,6.6,6.88,6.53,41062,27693898.0,5.19,-2.22,-0.15,1.25
2025-01-03,300512,6.61,6.3,6.66,6.23,45225,29301916.0,6.52,-4.55,-0.3,1.38
2025-01-06,300512,6.24,6.21,6.36,5.93,36005,22479527.0,6.83,-1.43,-0.09,1.1
2025-01-07,300512,6.19,6.43,6.44,6.17,35924,22937116.0,4.35,3.54,0.22,1.09
2025-01-08,300512,6.35,6.39,6.48,6.13,32381,20718109.0,5.44,-0.62,-0.04,0.99
2025-01-09,300512,6.26,6.44,6.53,6.26,30709,20008818.0,4.23,0.78,0.05,0.93
2025-01-10,300512,6.44,6.21,6.57,6.2,23281,14992709.0,5.75,-3.57,-0.23,0.71
2025-01-13,300512,6.12,6.32,6.37,6.0,33346,20956271.0,5.96,1.77,0.11,1.01
2025-01-14,300512,6.38,6.79,6.79,6.35,36662,24526934.0,6.96,7.44,0.47,1.12
2025-01-15,300512,6.82,6.74,6.83,6.67,25196,17125942.0,2.36,-0.74,-0.05,0.77
2025-01-16,300512,6.74,6.78,6.91,6.67,28578,19667187.0,3.56,0.59,0.04,0.87
2025-01-17,300512,6.72,6.74,6.84,6.65,21749,14866286.0,2.8,-0.59,-0.04,0.66
2025-01-20,300512,6.74,6.89,6.97,6.7,36510,25215102.0,4.01,2.23,0.15,1.11
2025-01-21,300512,6.98,6.87,6.98,6.71,31195,21420984.0,3.92,-0.29,-0.02,0.95
2025-01-22,300512,6.89,6.8,6.92,6.74,21252,14625801.0,2.62,-1.02,-0.07,0.65
2025-01-23,300512,6.89,6.86,7.02,6.82,28638,20043834.0,2.94,0.88,0.06,0.87
2025-01-24,300512,6.79,7.07,7.09,6.79,35723,25127295.0,4.37,3.06,0.21,1.09
2025-01-27,300512,7.08,6.96,7.14,6.92,27679,19593975.0,3.11,-1.56,-0.11,0.84
2025-02-05,300512,7.12,7.15,7.34,7.0,39756,28551062.0,4.89,2.73,0.19,1.21
2025-02-06,300512,7.14,7.27,7.27,7.09,35007,25394334.0,2.52,1.68,0.12,1.07
2025-02-07,300512,7.26,7.23,7.37,7.17,37898,27807652.0,2.75,-0.55,-0.04,1.15
2025-02-10,300512,7.27,7.28,7.29,7.15,28963,21091258.0,1.94,0.69,0.05,0.88
2025-02-11,300512,7.26,7.28,7.36,7.18,32253,23597131.0,2.47,0.0,0.0,0.98
2025-02-12,300512,7.28,7.27,7.32,7.2,25645,18782787.0,1.65,-0.14,-0.01,0.78
2025-02-13,300512,7.25,7.1,7.32,7.08,23829,17207170.0,3.3,-2.34,-0.17,0.73
2025-02-14,300512,7.1,7.14,7.22,7.07,25669,18525831.0,2.11,0.56,0.04,0.78
2025-02-17,300512,7.11,7.37,7.44,7.11,46320,34225445.0,4.62,3.22,0.23,1.41
2025-02-18,300512,7.38,7.15,7.42,7.12,36880,27015513.0,4.07,-2.99,-0.22,1.12
2025-02-19,300512,7.15,7.56,7.77,7.1,67315,50823721.0,9.37,5.73,0.41,2.05
2025-02-20,300512,7.57,7.68,7.9,7.54,78684,60790816.0,4.76,1.59,0.12,2.39
2025-02-21,300512,7.65,7.64,7.8,7.5,57249,43928880.0,3.91,-0.52,-0.04,1.74
2025-02-24,300512,7.61,7.63,7.69,7.44,44349,33729210.0,3.27,-0.13,-0.01,1.35
2025-02-25,300512,7.53,7.64,7.77,7.47,49335,38080123.0,3.93,0.13,0.01,1.5
2025-02-26,300512,7.67,7.81,7.84,7.64,53381,41738055.0,2.62,2.23,0.17,1.62
2025-02-27,300512,7.74,7.94,8.1,7.52,125350,98662365.0,7.43,1.66,0.13,3.82
2025-02-28,300512,7.88,7.55,8.0,7.52,92342,71983646.0,6.05,-4.91,-0.39,2.81
2025-03-03,300512,7.61,7.6,7.73,7.52,51040,39305479.0,2.78,0.66,0.05,1.55
2025-03-04,300512,7.82,9.13,9.13,7.75,153417,138534494.0,18.16,20.13,1.53,4.67
2025-03-05,300512,9.04,8.65,9.04,8.3,361287,309288512.0,8.11,-5.26,-0.48,11.0
2025-03-06,300512,8.41,8.84,9.09,8.36,323691,283391307.0,8.44,2.2,0.19,9.85
2025-03-07,300512,8.67,8.34,8.79,8.24,205221,174540907.0,6.22,-5.66,-0.5,6.25
2025-03-10,300512,8.34,8.5,8.5,8.25,128800,108763562.0,3.0,1.92,0.16,3.92
2025-03-11,300512,8.27,8.41,8.44,8.26,93084,78285736.0,2.12,-1.06,-0.09,2.83
2025-03-12,300512,8.39,8.73,8.8,8.37,188155,162856534.0,5.11,3.8,0.32,5.73
2025-03-13,300512,8.62,8.41,8.81,8.06,123449,105011012.0,8.59,-3.67,-0.32,3.76
2025-03-14,300512,8.36,8.39,8.47,8.13,81289,68193212.0,4.04,-0.24,-0.02,2.47
2025-03-17,300512,8.52,8.36,8.58,8.3,71575,60552557.0,3.34,-0.36,-0.03,2.18
2025-03-18,300512,8.37,8.49,8.5,8.3,70985,60132394.0,2.39,1.56,0.13,2.16
2025-03-19,300512,8.41,8.55,8.64,8.34,82472,70755949.0,3.53,0.71,0.06,2.51
2025-03-20,300512,8.5,8.73,8.89,8.5,137456,120720434.0,4.56,2.11,0.18,4.18
2025-03-21,300512,8.79,8.5,8.82,8.4,81552,70071470.0,4.81,-2.63,-0.23,2.48
2025-03-24,300512,8.43,8.03,8.47,7.77,97500,79255368.0,8.24,-5.53,-0.47,2.97
2025-03-25,300512,8.03,8.01,8.18,7.92,58550,47484876.0,3.24,-0.25,-0.02,1.78
2025-03-26,300512,7.97,8.18,8.31,7.86,47870,39510127.0,5.62,2.12,0.17,1.46
2025-03-27,300512,8.14,7.99,8.18,7.89,41932,33943883.0,3.55,-2.32,-0.19,1.28
2025-03-28,300512,8.01,7.85,8.07,7.8,34653,27579398.0,3.38,-1.75,-0.14,1.05
2025-03-31,300512,7.78,7.76,7.83,7.53,47980,37089640.0,3.82,-1.15,-0.09,1.46
2025-04-01,300512,7.76,7.83,7.94,7.76,29232,23122087.0,2.32,0.9,0.07,0.89
2025-04-02,300512,7.81,7.95,8.05,7.79,28540,22846421.0,3.32,1.53,0.12,0.87
2025-04-03,300512,7.88,7.77,7.96,7.64,35263,27722308.0,4.03,-2.26,-0.18,1.07
2025-04-07,300512,7.14,6.21,7.24,6.2,92793,61520027.0,13.38,-20.08,-1.56,2.82
2025-04-08,300512,6.27,6.35,6.59,6.14,64080,41094546.0,7.25,2.25,0.14,1.95
2025-04-09,300512,6.27,6.51,6.55,5.7,80501,50122579.0,13.39,2.52,0.16,2.45
2025-04-10,300512,6.69,6.77,6.93,6.51,61891,42640393.0,6.45,3.99,0.26,1.88
2025-04-11,300512,6.7,6.78,6.93,6.67,38181,26344769.0,3.84,0.15,0.01,1.16
2025-04-14,300512,6.93,6.9,7.06,6.86,36591,25648145.0,2.95,1.77,0.12,1.11
2025-04-15,300512,6.9,6.96,7.02,6.84,33357,23249237.0,2.61,0.87,0.06,1.02
2025-04-16,300512,6.93,6.78,6.98,6.62,38917,26633287.0,5.17,-2.59,-0.18,1.18
2025-04-17,300512,6.74,6.84,6.94,6.67,25916,17948853.0,3.98,0.88,0.06,0.79
2025-04-18,300512,6.84,6.86,6.92,6.75,20845,14364144.0,2.49,0.29,0.02,0.63
2025-04-21,300512,6.87,7.05,7.05,6.79,23025,16192081.0,3.79,2.77,0.19,0.7
2025-04-22,300512,7.04,7.01,7.08,6.98,20411,14459623.0,1.42,-0.57,-0.04,0.62
2025-04-23,300512,7.02,7.2,7.23,7.02,28384,20513560.0,3.0,2.71,0.19,0.86
2025-04-24,300512,7.18,7.09,7.26,7.02,25546,18388241.0,3.33,-1.53,-0.11,0.78
2025-04-25,300512,7.19,7.08,7.19,7.04,18913,13566671.0,2.12,-0.14,-0.01,0.58
2025-04-28,300512,7.16,7.0,7.16,6.91,32340,22807928.0,3.53,-1.13,-0.08,0.98
2025-04-29,300512,6.93,7.17,7.22,6.93,32424,23378207.0,4.14,2.43,0.17,0.99
2025-04-30,300512,7.21,7.32,7.38,7.21,28763,21205556.0,2.37,2.09,0.15,0.88
2025-05-06,300512,7.4,7.64,7.66,7.4,40099,30595360.0,3.55,4.37,0.32,1.22
2025-05-07,300512,7.71,7.76,7.83,7.64,41142,32127973.0,2.49,1.57,0.12,1.25
2025-05-08,300512,7.76,7.91,7.97,7.72,34458,27365437.0,3.22,1.93,0.15,1.05
2025-05-09,300512,7.88,7.78,7.96,7.74,28033,22091796.0,2.78,-1.64,-0.13,0.85
2025-05-12,300512,7.94,7.89,7.98,7.81,32318,25672601.0,2.19,1.41,0.11,0.98
2025-05-13,300512,8.02,7.82,8.17,7.79,31200,24727385.0,4.82,-0.89,-0.07,0.95
2025-05-14,300512,7.85,7.78,7.93,7.73,29034,22794040.0,2.56,-0.51,-0.04,0.88
2025-05-15,300512,7.88,7.76,7.88,7.66,27610,21528158.0,2.83,-0.26,-0.02,0.84
2025-05-16,300512,7.74,7.81,7.91,7.73,25220,19938199.0,2.32,0.64,0.05,0.77
2025-05-19,300512,7.91,7.84,7.91,7.71,23380,18414587.0,2.56,0.38,0.03,0.71
2025-05-20,300512,7.86,7.92,7.93,7.79,26468,21030305.0,1.79,1.02,0.08,0.81
2025-05-21,300512,7.91,7.83,7.94,7.78,23589,18647421.0,2.02,-1.14,-0.09,0.72
2025-05-22,300512,7.81,7.7,7.93,7.66,28995,22741419.0,3.45,-1.66,-0.13,0.88
2025-05-23,300512,7.7,7.63,7.83,7.6,27482,21374080.0,2.99,-0.91,-0.07,0.84
2025-05-26,300512,7.6,7.75,7.77,7.59,24870,19327025.0,2.36,1.57,0.12,0.76
2025-05-27,300512,7.74,8.14,9.07,7.72,198021,164266962.0,17.42,5.03,0.39,6.03
2025-05-28,300512,8.06,7.95,8.18,7.92,148834,120089707.0,3.19,-2.33,-0.19,4.53
2025-05-29,300512,7.96,8.12,8.16,7.9,102601,83575450.0,3.27,2.14,0.17,3.12
2025-05-30,300512,8.09,7.95,8.19,7.88,70211,56458189.0,3.82,-2.09,-0.17,2.14
2025-06-03,300512,7.79,7.95,8.0,7.76,49282,39397198.0,3.02,0.0,0.0,1.5
2025-06-04,300512,7.94,8.03,8.08,7.92,41900,33822165.0,2.01,1.01,0.08,1.28
2025-06-05,300512,7.99,8.11,8.14,7.94,38214,31013187.0,2.49,1.0,0.08,1.16
2025-06-06,300512,8.09,8.09,8.12,8.03,36965,30056116.0,1.11,-0.25,-0.02,1.13
2025-06-09,300512,8.1,8.2,8.21,8.05,45429,37338677.0,1.98,1.36,0.11,1.38
2025-06-10,300512,8.21,8.08,8.24,7.94,41462,33826420.0,3.66,-1.46,-0.12,1.26
2025-06-11,300512,8.04,8.12,8.18,8.04,30102,24594135.0,1.73,0.5,0.04,0.92
2025-06-12,300512,8.11,8.14,8.21,8.06,32567,26705625.0,1.85,0.25,0.02,0.99
2025-06-13,300512,8.1,7.94,8.13,7.9,38156,30660450.0,2.83,-2.46,-0.2,1.16
2025-06-16,300512,7.9,8.02,8.05,7.89,32424,26146547.0,2.02,1.01,0.08,0.99
2025-06-17,300512,8.06,7.96,8.1,7.91,29284,23585205.0,2.37,-0.75,-0.06,0.89
2025-06-18,300512,7.96,7.92,8.03,7.86,27388,21835172.0,2.14,-0.5,-0.04,0.83
2025-06-19,300512,7.91,7.7,7.96,7.68,39812,31304858.0,3.54,-2.78,-0.22,1.21
2025-06-20,300512,7.7,7.66,7.85,7.63,26991,20986299.0,2.86,-0.52,-0.04,0.82
2025-06-23,300512,7.66,7.86,7.86,7.59,27832,21793199.0,3.52,2.61,0.2,0.85
2025-06-24,300512,7.95,8.21,8.22,7.86,54096,44258078.0,4.58,4.45,0.35,1.65
2025-06-25,300512,8.19,8.21,8.31,8.11,52273,43135254.0,2.44,0.0,0.0,1.59
2025-06-26,300512,8.23,8.29,8.4,8.07,57616,48226051.0,4.02,0.97,0.08,1.75
2025-06-27,300512,8.32,8.36,8.48,8.27,62264,52420220.0,2.53,0.84,0.07,1.9
2025-06-30,300512,8.37,8.52,8.52,8.33,50123,42667669.0,2.27,1.91,0.16,1.53
2025-07-01,300512,8.55,8.48,8.56,8.35,50900,43357231.0,2.46,-0.47,-0.04,1.55
2025-07-02,300512,8.53,8.43,8.53,8.33,36683,31058091.0,2.36,-0.59,-0.05,1.12
2025-07-03,300512,8.43,8.44,8.47,8.34,34251,28944735.0,1.54,0.12,0.01,1.04
2025-07-04,300512,8.44,8.34,8.48,8.31,31797,26656720.0,2.01,-1.18,-0.1,0.97
2025-07-07,300512,8.38,8.45,8.46,8.31,32118,27008018.0,1.8,1.32,0.11,0.98
2025-07-08,300512,8.46,8.5,8.54,8.34,32946,27991810.0,2.37,0.59,0.05,1.0
2025-07-09,300512,8.49,9.06,9.75,8.44,283357,259555381.0,15.41,6.59,0.56,8.63
2025-07-10,300512,8.94,8.84,9.14,8.76,180900,160810382.0,4.19,-2.43,-0.22,5.51
2025-07-11,300512,8.8,8.63,8.82,8.6,106295,92093813.0,2.49,-2.38,-0.21,3.24
2025-07-14,300512,8.66,8.88,9.0,8.6,114694,100987012.0,4.63,2.9,0.25,3.49
2025-07-15,300512,8.82,8.7,8.92,8.6,72463,63318759.0,3.6,-2.03,-0.18,2.21
2025-07-16,300512,8.66,9.47,9.53,8.64,180582,164733621.0,10.23,8.85,0.77,5.5
2025-07-17,300512,9.32,9.1,9.41,9.05,164035,150117692.0,3.8,-3.91,-0.37,5.0
2025-07-18,300512,9.07,8.99,9.09,8.88,86052,77147049.0,2.31,-1.21,-0.11,2.62
2025-07-21,300512,8.99,8.98,8.99,8.85,88428,79123696.0,1.56,-0.11,-0.01,2.69
2025-07-22,300512,8.74,8.85,8.93,8.69,94861,83654326.0,2.67,-1.45,-0.13,2.89
2025-07-23,300512,8.78,8.74,8.93,8.69,96121,84819903.0,2.71,-1.24,-0.11,2.93
2025-07-24,300512,8.73,8.83,8.89,8.73,59051,52198540.0,1.83,1.03,0.09,1.8
2025-07-25,300512,8.84,8.91,8.91,8.75,45521,40350437.0,1.81,0.91,0.08,1.39
2025-07-28,300512,8.91,8.97,8.97,8.84,41711,37281120.0,1.46,0.67,0.06,1.27
2025-07-29,300512,8.97,8.9,8.97,8.8,35246,31277785.0,1.9,-0.78,-0.07,1.07
2025-07-30,300512,8.87,8.77,8.88,8.67,39635,34720519.0,2.36,-1.46,-0.13,1.21
2025-07-31,300512,8.75,8.64,8.86,8.59,51560,44967364.0,3.08,-1.48,-0.13,1.57
2025-08-01,300512,8.66,8.85,8.86,8.58,54690,48168865.0,3.24,2.43,0.21,1.67
2025-08-04,300512,8.79,8.99,9.02,8.76,52953,47365126.0,2.94,1.58,0.14,1.61
2025-08-05,300512,8.98,9.18,9.18,8.98,57670,52498337.0,2.22,2.11,0.19,1.76
2025-08-06,300512,9.17,9.26,9.29,9.12,51211,47293811.0,1.85,0.87,0.08,1.56
2025-08-07,300512,9.26,9.26,9.33,9.19,56418,52257740.0,1.51,0.0,0.0,1.72
2025-08-08,300512,9.24,9.3,9.32,9.15,45822,42417765.0,1.84,0.43,0.04,1.4
2025-08-11,300512,9.3,9.46,9.46,9.27,49995,46963876.0,2.04,1.72,0.16,1.52
2025-08-12,300512,9.43,9.29,9.43,9.2,70683,65739242.0,2.43,-1.8,-0.17,2.15
2025-08-13,300512,9.25,9.32,9.37,9.25,48335,45063754.0,1.29,0.32,0.03,1.47
2025-08-14,300512,9.34,9.15,9.41,9.13,51011,47179638.0,3.0,-1.82,-0.17,1.55
2025-08-15,300512,9.12,9.08,9.27,9.03,59487,54375358.0,2.62,-0.77,-0.07,1.81
2025-08-18,300512,9.12,9.07,9.28,9.02,65771,60016798.0,2.86,-0.11,-0.01,2.0
2025-08-19,300512,9.09,9.1,9.14,8.91,60925,55176621.0,2.54,0.33,0.03,1.86
2025-08-20,300512,9.08,9.17,9.17,9.0,42015,38189891.0,1.87,0.77,0.07,1.28
2025-08-21,300512,9.17,9.11,9.21,9.07,43425,39713169.0,1.53,-0.65,-0.06,1.32
2025-08-22,300512,9.13,9.01,9.13,8.91,43655,39316795.0,2.41,-1.1,-0.1,1.33
2025-08-25,300512,9.03,8.97,9.12,8.91,47575,42965680.0,2.33,-0.44,-0.04,1.45
2025-08-26,300512,8.95,9.05,9.12,8.86,40507,36600581.0,2.9,0.89,0.08,1.23
2025-08-27,300512,9.05,8.55,9.12,8.54,66002,58232291.0,6.41,-5.52,-0.5,2.01
2025-08-28,300512,8.66,8.56,8.76,8.2,71061,60567770.0,6.55,0.12,0.01,2.16
2025-08-29,300512,8.61,8.48,8.62,8.42,46355,39499603.0,2.34,-0.93,-0.08,1.41
2025-09-01,300512,8.49,8.48,8.64,8.45,53474,45719294.0,2.24,0.0,0.0,1.63
2025-09-02,300512,8.48,8.42,8.55,8.24,54124,45313912.0,3.66,-0.71,-0.06,1.65
2025-09-03,300512,8.47,8.21,8.54,8.15,40274,33529311.0,4.63,-2.49,-0.21,1.23
2025-09-04,300512,8.21,8.16,8.35,8.02,61093,50327560.0,4.02,-0.61,-0.05,1.86
2025-09-05,300512,8.16,8.3,8.34,8.13,47559,39366190.0,2.57,1.72,0.14,1.45
2025-09-08,300512,8.35,8.45,8.45,8.26,47978,40238927.0,2.29,1.81,0.15,1.46
2025-09-09,300512,8.46,8.17,8.46,8.12,72231,59505035.0,4.02,-3.31,-0.28,2.2
2025-09-10,300512,8.17,8.19,8.34,8.13,50423,41510460.0,2.57,0.24,0.02,1.54
2025-09-11,300512,8.13,8.39,8.43,8.04,63832,52825507.0,4.76,2.44,0.2,1.94
2025-09-12,300512,8.42,8.27,8.43,8.24,34625,28805859.0,2.26,-1.43,-0.12,1.05
2025-09-15,300512,8.27,8.26,8.35,8.17,33139,27292234.0,2.18,-0.12,-0.01,1.01
2025-09-16,300512,8.26,8.36,8.38,8.2,44828,37278999.0,2.18,1.21,0.1,1.37
2025-09-17,300512,8.35,8.36,8.43,8.32,40387,33823451.0,1.32,0.0,0.0,1.23
2025-09-18,300512,8.37,8.11,8.37,8.05,54702,45001652.0,3.83,-2.99,-0.25,1.67
2025-09-19,300512,8.15,8.11,8.17,7.97,49822,40198298.0,2.47,0.0,0.0,1.52
2025-09-22,300512,8.06,8.05,8.15,7.97,32943,26548103.0,2.22,-0.74,-0.06,1.0
2025-09-23,300512,8.06,7.99,8.08,7.68,54232,42603500.0,4.97,-0.75,-0.06,1.65
2025-09-24,300512,7.97,8.13,8.15,7.85,36214,29234023.0,3.75,1.75,0.14,1.1
2025-09-25,300512,8.13,7.93,8.15,7.89,33505,26847344.0,3.2,-2.46,-0.2,1.02
2025-09-26,300512,7.92,7.9,8.02,7.81,29503,23446989.0,2.65,-0.38,-0.03,0.9
2025-09-29,300512,7.87,8.01,8.03,7.74,33596,26708267.0,3.67,1.39,0.11,1.02
2025-09-30,300512,8.05,7.9,8.05,7.89,30783,24490409.0,2.0,-1.37,-0.11,0.94
2025-10-09,300512,7.94,9.48,9.48,7.86,290664,263645037.0,20.51,20.0,1.58,8.85
2025-10-10,300512,9.98,9.86,11.13,9.54,605548,615455535.0,16.77,4.01,0.38,18.44
2025-10-13,300512,8.74,9.35,9.64,8.74,345498,320774690.0,9.13,-5.17,-0.51,10.52
2025-10-14,300512,9.53,9.97,10.29,9.3,438745,430643659.0,10.59,6.63,0.62,13.36
2025-10-15,300512,9.78,9.53,9.84,9.4,271646,258390163.0,4.41,-4.41,-0.44,8.27
2025-10-16,300512,9.44,9.23,9.45,9.2,185170,172087302.0,2.62,-3.15,-0.3,5.64
2025-10-17,300512,9.42,10.01,10.28,9.09,403964,398376399.0,12.89,8.45,0.78,12.3
2025-10-20,300512,10.01,10.63,11.08,9.88,457757,477172091.0,11.99,6.19,0.62,13.94
2025-10-21,300512,10.69,10.2,10.75,10.15,291881,299808578.0,5.64,-4.05,-0.43,8.89
2025-10-22,300512,10.09,11.25,11.95,9.98,461779,495121669.0,19.31,10.29,1.05,14.06
2025-10-23,300512,11.08,10.71,11.09,10.44,295697,313776871.0,5.78,-4.8,-0.54,9.01
2025-10-24,300512,10.5,10.53,11.24,10.24,295304,318917589.0,9.34,-1.68,-0.18,8.99
2025-10-27,300512,10.49,10.4,10.67,10.15,251266,259016889.0,4.94,-1.23,-0.13,7.65
2025-10-28,300512,10.27,10.11,10.6,10.0,200512,205107789.0,5.77,-2.79,-0.29,6.11
2025-10-29,300512,10.11,9.72,10.11,9.62,196007,191461847.0,4.85,-3.86,-0.39,5.97
2025-10-30,300512,9.79,9.61,9.88,9.58,128266,124344454.0,3.09,-1.13,-0.11,3.96
2025-10-31,300512,9.78,9.79,9.89,9.63,118967,116001299.0,2.71,1.87,0.18,3.67
2025-11-03,300512,9.8,9.8,9.8,9.58,116813,113421278.0,2.25,0.1,0.01,3.61
2025-11-04,300512,9.75,9.72,9.9,9.65,108972,106220444.0,2.55,-0.82,-0.08,3.36
2025-11-05,300512,9.59,9.75,9.8,9.5,92072,89460519.0,3.09,0.31,0.03,2.84
2025-11-06,300512,9.77,9.73,9.8,9.61,75604,73180832.0,1.95,-0.21,-0.02,2.33
2025-11-07,300512,9.77,9.63,9.79,9.55,85134,82394283.0,2.47,-1.03,-0.1,2.63
2025-11-10,300512,9.61,9.66,9.74,9.61,65221,63026334.0,1.35,0.31,0.03,2.01
2025-11-11,300512,9.66,10.39,10.41,9.64,270651,273644976.0,7.97,7.56,0.73,8.36
2025-11-12,300512,10.25,10.0,10.27,9.83,181528,180710345.0,4.23,-3.75,-0.39,5.6
2025-11-13,300512,9.95,9.95,10.05,9.85,116892,116105190.0,2.0,-0.5,-0.05,3.61
2025-11-14,300512,9.89,10.13,10.3,9.62,186444,186930749.0,6.83,1.81,0.18,5.76
2025-11-17,300512,9.94,9.8,10.05,9.77,113720,112068514.0,2.76,-3.26,-0.33,3.51
2025-11-18,300512,9.79,9.77,9.83,9.68,80711,78600836.0,1.53,-0.31,-0.03,2.49
2025-11-19,300512,9.79,9.65,9.79,9.47,79782,76733745.0,3.28,-1.23,-0.12,2.46
2025-11-20,300512,9.69,9.48,9.73,9.43,59542,56824766.0,3.11,-1.76,-0.17,1.84
2025-11-21,300512,9.4,9.24,9.69,9.22,87342,82019493.0,4.96,-2.53,-0.24,2.7
2025-11-24,300512,9.28,9.4,9.46,9.25,51175,47885998.0,2.27,1.73,0.16,1.58
2025-11-25,300512,9.41,9.56,9.7,9.33,62837,60292563.0,3.94,1.7,0.16,1.94
2025-11-26,300512,9.56,9.43,9.64,9.41,47901,45517544.0,2.41,-1.36,-0.13,1.48
2025-11-27,300512,9.4,9.5,9.54,9.29,66380,62717814.0,2.65,0.74,0.07,2.05
2025-11-28,300512,9.5,9.71,9.71,9.43,57414,55369698.0,2.95,2.21,0.21,1.77
2025-12-01,300512,9.73,9.63,9.73,9.57,45254,43632167.0,1.65,-0.82,-0.08,1.4
2025-12-02,300512,9.6,9.75,10.04,9.4,133320,129222474.0,6.65,1.25,0.12,4.12
2025-12-03,300512,9.77,9.57,9.77,9.5,73625,70620531.0,2.77,-1.85,-0.18,2.27
2025-12-04,300512,9.55,9.44,9.63,9.4,50482,47877475.0,2.4,-1.36,-0.13,1.56
2025-12-05,300512,9.42,9.87,9.96,9.36,111852,109067095.0,6.36,4.56,0.43,3.45
2025-12-08,300512,9.93,9.85,9.96,9.8,94963,93664083.0,1.62,-0.2,-0.02,2.93
2025-12-09,300512,9.83,9.8,10.25,9.76,109845,109860350.0,4.97,-0.51,-0.05,3.39
2025-12-10,300512,9.87,9.78,10.09,9.73,76692,75527312.0,3.67,-0.2,-0.02,2.37
2025-12-11,300512,9.82,10.25,10.32,9.52,257800,259244012.0,8.18,4.81,0.47,7.96
2025-12-12,300512,10.01,9.54,10.1,9.49,204969,199074893.76,5.95,-6.93,-0.71,6.33
