时间,开盘,收盘,最高,最低,成交量,成交额,均价
2025-12-09 09:30:00,0.0,53.0,53.0,53.0,11772,62391600.0,53.0
2025-12-09 09:31:00,0.0,51.27,52.78,51.2,40184,209033966.0,52.241
2025-12-09 09:32:00,0.0,52.9,52.9,51.0,36901,191782627.0,52.13
2025-12-09 09:33:00,0.0,52.51,52.94,52.04,26164,137402750.0,52.217
2025-12-09 09:34:00,0.0,53.12,53.12,52.55,16261,85959049.0,52.297
2025-12-09 09:35:00,0.0,54.23,54.38,53.14,13737,73778493.0,52.431
2025-12-09 09:36:00,0.0,55.53,55.6,54.38,35795,196392386.0,52.913
2025-12-09 09:37:00,0.0,55.06,55.62,54.99,44574,246343029.0,53.378
2025-12-09 09:38:00,0.0,55.68,55.77,55.04,24325,134540076.0,53.566
2025-12-09 09:39:00,0.0,56.24,56.4,55.67,30334,170082567.0,53.838
2025-12-09 09:40:00,0.0,56.14,56.2,55.99,33513,188034814.0,54.08
2025-12-09 09:41:00,0.0,55.5,56.18,55.5,19137,107142565.0,54.19
2025-12-09 09:42:00,0.0,55.94,55.94,55.46,12835,71387316.0,54.243
2025-12-09 09:43:00,0.0,55.46,56.0,55.46,16162,90165764.0,54.312
2025-12-09 09:44:00,0.0,54.93,55.45,54.93,12766,70450472.0,54.342
2025-12-09 09:45:00,0.0,55.46,55.53,54.81,12976,71574582.0,54.369
2025-12-09 09:46:00,0.0,54.78,55.47,54.78,11565,63694340.0,54.39
2025-12-09 09:47:00,0.0,55.01,55.22,54.62,12213,67075667.0,54.406
2025-12-09 09:48:00,0.0,55.31,55.31,55.0,9601,52872626.0,54.421
2025-12-09 09:49:00,0.0,55.57,55.58,55.38,11089,61542035.0,54.448
2025-12-09 09:50:00,0.0,55.28,55.5,55.11,10561,58394640.0,54.469
2025-12-09 09:51:00,0.0,55.56,55.56,55.29,7999,44340229.0,54.486
2025-12-09 09:52:00,0.0,55.0,55.56,55.0,10233,56532987.0,54.503
2025-12-09 09:53:00,0.0,55.4,55.4,55.05,4610,25464368.0,54.51
2025-12-09 09:54:00,0.0,55.1,55.38,55.1,5847,32325088.0,54.52
2025-12-09 09:55:00,0.0,55.17,55.18,55.0,8381,46154049.0,54.529
2025-12-09 09:56:00,0.0,55.3,55.3,55.17,4826,26654474.0,54.536
2025-12-09 09:57:00,0.0,55.43,55.45,55.29,4937,27338338.0,54.545
2025-12-09 09:58:00,0.0,55.05,55.45,55.05,6299,34809275.0,54.554
2025-12-09 09:59:00,0.0,55.0,55.08,55.0,8639,47537982.0,54.562
2025-12-09 10:00:00,0.0,54.68,55.0,54.68,7000,38420664.0,54.566
2025-12-09 10:01:00,0.0,54.3,54.63,54.3,12182,66400498.0,54.565
2025-12-09 10:02:00,0.0,53.91,54.26,53.9,14285,77251923.0,54.552
2025-12-09 10:03:00,0.0,54.5,54.5,53.83,12884,69555491.0,54.539
2025-12-09 10:04:00,0.0,54.0,54.54,53.96,12997,70509267.0,54.532
2025-12-09 10:05:00,0.0,54.17,54.17,53.91,10653,57533286.0,54.522
2025-12-09 10:06:00,0.0,53.77,54.26,53.77,10590,57189201.0,54.513
2025-12-09 10:07:00,0.0,52.91,53.73,52.91,13141,69996992.0,54.485
2025-12-09 10:08:00,0.0,52.64,52.9,52.53,21182,111532113.0,54.423
2025-12-09 10:09:00,0.0,53.7,53.7,52.66,10477,55671604.0,54.401
2025-12-09 10:10:00,0.0,52.95,53.7,52.95,10997,58745869.0,54.385
2025-12-09 10:11:00,0.0,53.22,53.29,52.95,10626,56405499.0,54.363
2025-12-09 10:12:00,0.0,53.03,53.26,53.0,6088,32354631.0,54.352
2025-12-09 10:13:00,0.0,53.18,53.18,53.01,7428,39410241.0,54.338
2025-12-09 10:14:00,0.0,53.6,53.6,53.18,4135,22069300.0,54.332
2025-12-09 10:15:00,0.0,53.95,53.95,53.58,5843,31416010.0,54.327
2025-12-09 10:16:00,0.0,53.68,53.98,53.68,6374,34339923.0,54.322
2025-12-09 10:17:00,0.0,53.2,53.67,53.2,4033,21536570.0,54.317
2025-12-09 10:18:00,0.0,53.3,53.47,53.19,5646,30105759.0,54.309
2025-12-09 10:19:00,0.0,53.0,53.21,53.0,4978,26426270.0,54.3
2025-12-09 10:20:00,0.0,53.11,53.15,53.0,4883,25900406.0,54.291
2025-12-09 10:21:00,0.0,53.39,53.43,53.1,3314,17651396.0,54.287
2025-12-09 10:22:00,0.0,52.95,53.37,52.95,5066,26904748.0,54.278
2025-12-09 10:23:00,0.0,52.81,52.97,52.81,6924,36600666.0,54.264
2025-12-09 10:24:00,0.0,52.63,52.8,52.63,4919,25930012.0,54.254
2025-12-09 10:25:00,0.0,52.25,52.6,52.25,8503,44576507.0,54.233
2025-12-09 10:26:00,0.0,51.8,52.28,51.8,15550,80822332.0,54.185
2025-12-09 10:27:00,0.0,52.64,52.64,51.78,10962,57009335.0,54.154
2025-12-09 10:28:00,0.0,52.38,52.75,52.38,7276,38291210.0,54.139
2025-12-09 10:29:00,0.0,52.16,52.35,52.04,6436,33536282.0,54.122
2025-12-09 10:30:00,0.0,52.66,52.66,52.2,3652,19122141.0,54.114
2025-12-09 10:31:00,0.0,52.35,52.71,52.28,5914,31066873.0,54.102
2025-12-09 10:32:00,0.0,52.8,52.88,52.36,4664,24555894.0,54.093
2025-12-09 10:33:00,0.0,52.81,52.81,52.58,4374,23052388.0,54.086
2025-12-09 10:34:00,0.0,52.97,52.97,52.69,5256,27789251.0,54.078
2025-12-09 10:35:00,0.0,53.38,53.48,52.98,5508,29357517.0,54.072
2025-12-09 10:36:00,0.0,53.09,53.42,53.01,4462,23751612.0,54.068
2025-12-09 10:37:00,0.0,53.25,53.3,53.11,2348,12487036.0,54.065
2025-12-09 10:38:00,0.0,52.99,53.25,52.99,4205,22344261.0,54.06
2025-12-09 10:39:00,0.0,52.85,53.0,52.85,2860,15142004.0,54.056
2025-12-09 10:40:00,0.0,53.11,53.11,52.85,2919,15448757.0,54.052
2025-12-09 10:41:00,0.0,53.38,53.38,53.12,2336,12434081.0,54.05
2025-12-09 10:42:00,0.0,53.46,53.47,53.39,3303,17649552.0,54.047
2025-12-09 10:43:00,0.0,53.7,53.7,53.41,4285,22915344.0,54.044
2025-12-09 10:44:00,0.0,53.74,53.84,53.73,4887,26294284.0,54.043
2025-12-09 10:45:00,0.0,53.76,53.76,53.6,2997,16081156.0,54.042
2025-12-09 10:46:00,0.0,53.7,53.82,53.7,3684,19815376.0,54.04
2025-12-09 10:47:00,0.0,53.59,53.69,53.59,3252,17444265.0,54.039
2025-12-09 10:48:00,0.0,53.5,53.59,53.42,2239,11977226.0,54.037
2025-12-09 10:49:00,0.0,53.59,53.59,53.45,2443,13080840.0,54.036
2025-12-09 10:50:00,0.0,53.7,53.7,53.6,1411,7571914.0,54.035
2025-12-09 10:51:00,0.0,53.39,53.7,53.39,3121,16727883.0,54.034
2025-12-09 10:52:00,0.0,53.42,53.51,53.37,2576,13757426.0,54.032
2025-12-09 10:53:00,0.0,53.1,53.42,53.1,1823,9715323.0,54.03
2025-12-09 10:54:00,0.0,53.32,53.36,53.12,1704,9067635.0,54.029
2025-12-09 10:55:00,0.0,53.21,53.3,53.16,1769,9421338.0,54.027
2025-12-09 10:56:00,0.0,53.25,53.35,53.21,1226,6531163.0,54.026
2025-12-09 10:57:00,0.0,53.36,53.36,53.31,857,4571115.0,54.025
2025-12-09 10:58:00,0.0,53.51,53.58,53.36,1902,10170147.0,54.024
2025-12-09 10:59:00,0.0,53.67,53.67,53.5,1736,9300090.0,54.023
2025-12-09 11:00:00,0.0,53.7,53.72,53.69,2408,12932012.0,54.022
2025-12-09 11:01:00,0.0,53.65,53.71,53.55,1540,8256104.0,54.022
2025-12-09 11:02:00,0.0,53.51,53.66,53.51,1124,6026639.0,54.021
2025-12-09 11:03:00,0.0,53.39,53.56,53.39,1075,5751436.0,54.02
2025-12-09 11:04:00,0.0,53.66,53.7,53.39,1679,8991838.0,54.02
2025-12-09 11:05:00,0.0,53.71,53.71,53.68,1868,10030004.0,54.019
2025-12-09 11:06:00,0.0,53.95,53.95,53.74,2702,14540561.0,54.018
2025-12-09 11:07:00,0.0,54.04,54.04,53.96,3957,21364046.0,54.018
2025-12-09 11:08:00,0.0,54.2,54.2,54.08,4047,21913198.0,54.019
2025-12-09 11:09:00,0.0,54.54,54.54,54.22,4708,25608126.0,54.021
2025-12-09 11:10:00,0.0,54.2,54.58,54.2,7126,38792112.0,54.024
2025-12-09 11:11:00,0.0,54.43,54.43,54.13,3767,20440069.0,54.025
2025-12-09 11:12:00,0.0,54.24,54.48,54.18,3157,17157099.0,54.026
2025-12-09 11:13:00,0.0,54.13,54.22,54.09,2779,15057979.0,54.027
2025-12-09 11:14:00,0.0,54.04,54.11,54.04,1960,10593980.0,54.027
2025-12-09 11:15:00,0.0,53.82,54.03,53.82,1892,10207142.0,54.027
2025-12-09 11:16:00,0.0,53.7,53.88,53.7,2854,15353620.0,54.026
2025-12-09 11:17:00,0.0,53.67,53.69,53.58,1953,10475214.0,54.025
2025-12-09 11:18:00,0.0,53.62,53.69,53.62,2273,12196266.0,54.024
2025-12-09 11:19:00,0.0,53.57,53.62,53.51,1699,9101179.0,54.023
2025-12-09 11:20:00,0.0,53.48,53.58,53.43,1677,8976646.0,54.022
2025-12-09 11:21:00,0.0,53.7,53.77,53.46,1798,9647699.0,54.022
2025-12-09 11:22:00,0.0,53.66,53.9,53.66,1548,8319599.0,54.021
2025-12-09 11:23:00,0.0,53.57,53.67,53.55,1489,7983888.0,54.02
2025-12-09 11:24:00,0.0,53.64,53.66,53.55,1012,5423433.0,54.02
2025-12-09 11:25:00,0.0,53.79,53.89,53.6,1302,6996727.0,54.02
2025-12-09 11:26:00,0.0,53.6,53.75,53.59,1290,6918873.0,54.019
2025-12-09 11:27:00,0.0,53.51,53.71,53.51,1144,6132046.0,54.019
2025-12-09 11:28:00,0.0,53.59,53.6,53.49,1719,9201073.0,54.018
2025-12-09 11:29:00,0.0,53.51,53.6,53.51,1398,7488124.0,54.017
2025-12-09 11:30:00,0.0,53.5,53.52,53.48,1860,9950557.0,54.016
2025-12-09 13:01:00,0.0,53.46,53.54,53.29,3618,19332643.0,54.014
2025-12-09 13:02:00,0.0,53.46,53.5,53.28,2404,12838055.0,54.012
2025-12-09 13:03:00,0.0,53.55,53.55,53.45,1391,7442904.0,54.011
2025-12-09 13:04:00,0.0,53.36,53.55,53.33,1214,6485812.0,54.011
2025-12-09 13:05:00,0.0,53.2,53.37,53.2,2094,11150647.0,54.009
2025-12-09 13:06:00,0.0,53.5,53.5,53.2,2124,11337608.0,54.008
2025-12-09 13:07:00,0.0,53.52,53.63,53.45,1163,6223209.0,54.007
2025-12-09 13:08:00,0.0,53.6,53.7,53.53,1665,8922501.0,54.006
2025-12-09 13:09:00,0.0,53.46,53.59,53.41,1646,8804009.0,54.005
2025-12-09 13:10:00,0.0,53.68,53.69,53.54,2032,10899139.0,54.005
2025-12-09 13:11:00,0.0,53.58,53.67,53.55,1392,7460319.0,54.004
2025-12-09 13:12:00,0.0,54.0,54.0,53.6,1813,9756417.0,54.004
2025-12-09 13:13:00,0.0,54.21,54.22,53.98,4880,26408190.0,54.004
2025-12-09 13:14:00,0.0,54.22,54.38,54.21,4338,23545622.0,54.005
2025-12-09 13:15:00,0.0,54.05,54.21,53.98,3125,16908156.0,54.006
2025-12-09 13:16:00,0.0,54.33,54.33,54.05,3245,17592805.0,54.006
2025-12-09 13:17:00,0.0,54.45,54.5,54.36,5491,29888603.0,54.009
2025-12-09 13:18:00,0.0,54.2,54.46,54.2,3079,16738019.0,54.01
2025-12-09 13:19:00,0.0,54.24,54.3,54.24,2596,14089217.0,54.011
2025-12-09 13:20:00,0.0,54.03,54.3,54.02,1872,10138704.0,54.011
2025-12-09 13:21:00,0.0,53.81,54.02,53.81,2051,11063037.0,54.011
2025-12-09 13:22:00,0.0,53.67,53.83,53.67,1779,9565922.0,54.01
2025-12-09 13:23:00,0.0,53.88,53.88,53.66,2105,11315457.0,54.01
2025-12-09 13:24:00,0.0,53.94,53.99,53.89,1903,10265283.0,54.01
2025-12-09 13:25:00,0.0,53.9,53.94,53.88,1902,10250207.0,54.009
2025-12-09 13:26:00,0.0,53.8,53.9,53.8,1022,5504367.0,54.009
2025-12-09 13:27:00,0.0,53.69,53.81,53.69,1349,7250362.0,54.009
2025-12-09 13:28:00,0.0,53.56,53.68,53.56,1632,8752272.0,54.008
2025-12-09 13:29:00,0.0,53.4,53.55,53.4,1870,10001835.0,54.007
2025-12-09 13:30:00,0.0,53.43,53.44,53.36,2333,12452091.0,54.006
2025-12-09 13:31:00,0.0,53.6,53.62,53.45,1686,9026412.0,54.005
2025-12-09 13:32:00,0.0,53.45,53.62,53.45,1104,5909887.0,54.005
2025-12-09 13:33:00,0.0,53.62,53.62,53.47,1110,5941510.0,54.004
2025-12-09 13:34:00,0.0,53.75,53.78,53.65,1585,8515729.0,54.004
2025-12-09 13:35:00,0.0,53.84,53.85,53.75,1527,8217429.0,54.003
2025-12-09 13:36:00,0.0,53.78,53.88,53.78,1465,7885665.0,54.003
2025-12-09 13:37:00,0.0,53.71,53.8,53.68,1603,8610242.0,54.003
2025-12-09 13:38:00,0.0,53.67,53.71,53.65,1159,6221102.0,54.002
2025-12-09 13:39:00,0.0,53.64,53.69,53.62,1215,6518166.0,54.002
2025-12-09 13:40:00,0.0,53.6,53.65,53.6,1372,7358233.0,54.001
2025-12-09 13:41:00,0.0,53.59,53.61,53.51,973,5209039.0,54.001
2025-12-09 13:42:00,0.0,53.5,53.6,53.5,1238,6627821.0,54.0
2025-12-09 13:43:00,0.0,53.67,53.68,53.5,1198,6418664.0,54.0
2025-12-09 13:44:00,0.0,53.62,53.68,53.6,961,5154706.0,53.999
2025-12-09 13:45:00,0.0,53.6,53.63,53.56,1045,5601419.0,53.999
2025-12-09 13:46:00,0.0,53.5,53.6,53.5,1444,7731992.0,53.998
2025-12-09 13:47:00,0.0,53.5,53.5,53.48,1238,6622361.0,53.998
2025-12-09 13:48:00,0.0,53.58,53.58,53.5,1412,7553379.0,53.997
2025-12-09 13:49:00,0.0,53.53,53.58,53.48,1509,8077082.0,53.996
2025-12-09 13:50:00,0.0,53.51,53.54,53.5,1728,9248354.0,53.996
2025-12-09 13:51:00,0.0,53.31,53.52,53.31,1620,8651307.0,53.995
2025-12-09 13:52:00,0.0,53.34,53.35,53.21,2650,14124003.0,53.993
2025-12-09 13:53:00,0.0,53.46,53.49,53.35,924,4934451.0,53.992
2025-12-09 13:54:00,0.0,53.43,53.47,53.42,1003,5361333.0,53.992
2025-12-09 13:55:00,0.0,53.44,53.44,53.41,860,4594802.0,53.991
2025-12-09 13:56:00,0.0,53.6,53.6,53.44,863,4616414.0,53.991
2025-12-09 13:57:00,0.0,53.84,53.85,53.6,1354,7274985.0,53.991
2025-12-09 13:58:00,0.0,53.84,53.87,53.84,2043,11002191.0,53.99
2025-12-09 13:59:00,0.0,53.66,53.86,53.64,1678,9010143.0,53.99
2025-12-09 14:00:00,0.0,53.85,53.85,53.66,1096,5895594.0,53.99
2025-12-09 14:01:00,0.0,53.79,53.88,53.73,1316,7084326.0,53.989
2025-12-09 14:02:00,0.0,53.75,53.8,53.72,1460,7850325.0,53.989
2025-12-09 14:03:00,0.0,53.64,53.71,53.63,1253,6724477.0,53.989
2025-12-09 14:04:00,0.0,53.83,53.83,53.61,1459,7834924.0,53.988
2025-12-09 14:05:00,0.0,53.9,53.9,53.81,1717,9247668.0,53.988
2025-12-09 14:06:00,0.0,54.19,54.19,53.93,3234,17468906.0,53.988
2025-12-09 14:07:00,0.0,54.05,54.23,54.05,4943,26781148.0,53.989
2025-12-09 14:08:00,0.0,53.95,54.0,53.9,1746,9420305.0,53.989
2025-12-09 14:09:00,0.0,54.0,54.0,53.96,1474,7958658.0,53.989
2025-12-09 14:10:00,0.0,53.87,53.96,53.86,1504,8107388.0,53.989
2025-12-09 14:11:00,0.0,53.9,53.93,53.8,994,5355074.0,53.989
2025-12-09 14:12:00,0.0,53.86,53.92,53.81,1581,8518951.0,53.989
2025-12-09 14:13:00,0.0,53.79,53.88,53.78,1226,6599675.0,53.989
2025-12-09 14:14:00,0.0,53.68,53.8,53.68,965,5185067.0,53.988
2025-12-09 14:15:00,0.0,53.75,53.75,53.67,1288,6915680.0,53.988
2025-12-09 14:16:00,0.0,53.88,53.9,53.75,827,4454040.0,53.988
2025-12-09 14:17:00,0.0,53.84,53.91,53.84,1092,5884315.0,53.988
2025-12-09 14:18:00,0.0,53.78,53.86,53.78,668,3595475.0,53.988
2025-12-09 14:19:00,0.0,53.82,53.82,53.75,1644,8840072.0,53.987
2025-12-09 14:20:00,0.0,53.89,53.9,53.8,1237,6663257.0,53.987
2025-12-09 14:21:00,0.0,53.87,53.9,53.85,1406,7573203.0,53.987
2025-12-09 14:22:00,0.0,53.96,53.96,53.86,1220,6576909.0,53.987
2025-12-09 14:23:00,0.0,54.1,54.1,53.96,2288,12358117.0,53.987
2025-12-09 14:24:00,0.0,54.11,54.18,54.1,3057,16550881.0,53.987
2025-12-09 14:25:00,0.0,54.25,54.25,54.1,3891,21077890.0,53.988
2025-12-09 14:26:00,0.0,54.5,54.5,54.27,6734,36648159.0,53.991
2025-12-09 14:27:00,0.0,54.9,54.9,54.5,5759,31493441.0,53.994
2025-12-09 14:28:00,0.0,54.6,54.96,54.48,10817,59229734.0,54.002
2025-12-09 14:29:00,0.0,54.65,54.84,54.63,6340,34725892.0,54.006
2025-12-09 14:30:00,0.0,54.9,54.9,54.68,3862,21164897.0,54.009
2025-12-09 14:31:00,0.0,54.66,54.94,54.64,5904,32363354.0,54.013
2025-12-09 14:32:00,0.0,54.79,54.89,54.66,3939,21582746.0,54.016
2025-12-09 14:33:00,0.0,54.5,54.8,54.5,6082,33255676.0,54.019
2025-12-09 14:34:00,0.0,54.5,54.5,54.36,3216,17502979.0,54.021
2025-12-09 14:35:00,0.0,54.6,54.6,54.49,1879,10251165.0,54.021
2025-12-09 14:36:00,0.0,54.56,54.68,54.56,3961,21643225.0,54.024
2025-12-09 14:37:00,0.0,54.48,54.59,54.46,3801,20721328.0,54.025
2025-12-09 14:38:00,0.0,54.55,54.56,54.46,3163,17240566.0,54.027
2025-12-09 14:39:00,0.0,54.53,54.63,54.53,3431,18731389.0,54.028
2025-12-09 14:40:00,0.0,54.4,54.53,54.4,2718,14805616.0,54.029
2025-12-09 14:41:00,0.0,54.16,54.39,54.16,3241,17599867.0,54.03
2025-12-09 14:42:00,0.0,54.19,54.19,54.09,3221,17436610.0,54.03
2025-12-09 14:43:00,0.0,54.47,54.49,54.24,3317,18042370.0,54.031
2025-12-09 14:44:00,0.0,54.47,54.54,54.47,3146,17148815.0,54.033
2025-12-09 14:45:00,0.0,54.47,54.49,54.44,2847,15503732.0,54.034
2025-12-09 14:46:00,0.0,54.61,54.61,54.47,4213,22974562.0,54.035
2025-12-09 14:47:00,0.0,54.82,54.82,54.63,5939,32503124.0,54.039
2025-12-09 14:48:00,0.0,54.53,54.79,54.53,6437,35189253.0,54.042
2025-12-09 14:49:00,0.0,54.62,54.62,54.51,4770,26020826.0,54.044
2025-12-09 14:50:00,0.0,54.73,54.73,54.64,4745,25940485.0,54.047
2025-12-09 14:51:00,0.0,54.63,54.77,54.6,8150,44579968.0,54.051
2025-12-09 14:52:00,0.0,54.69,54.69,54.61,5349,29221235.0,54.054
2025-12-09 14:53:00,0.0,54.85,54.85,54.68,6781,37134660.0,54.058
2025-12-09 14:54:00,0.0,55.0,55.0,54.86,8714,47856928.0,54.064
2025-12-09 14:55:00,0.0,54.98,55.06,54.98,17297,95166981.0,54.077
2025-12-09 14:56:00,0.0,54.9,54.98,54.84,8589,47146941.0,54.083
2025-12-09 14:57:00,0.0,55.15,55.15,54.9,11916,65566343.0,54.091
2025-12-09 14:58:00,0.0,55.1,55.1,55.1,358,1972953.0,54.092
2025-12-09 14:59:00,0.0,55.1,55.1,55.1,0,0.0,54.092
2025-12-09 15:00:00,0.0,55.12,55.12,55.1,15002,82689205.0,54.104
2025-12-10 09:30:00,0.0,54.0,54.0,54.0,7862,42454800.0,54.0
2025-12-10 09:31:00,0.0,55.0,55.0,53.66,27209,147441415.0,54.146
2025-12-10 09:32:00,0.0,55.01,55.54,55.01,26776,147970078.0,54.63
2025-12-10 09:33:00,0.0,55.23,55.23,54.77,13500,74110023.0,54.677
2025-12-10 09:34:00,0.0,56.4,56.5,55.32,22612,126639744.0,54.984
2025-12-10 09:35:00,0.0,57.56,57.57,56.5,30908,175974099.0,55.452
2025-12-10 09:36:00,0.0,56.49,57.89,56.49,44601,255383132.0,55.917
2025-12-10 09:37:00,0.0,56.79,57.29,56.61,33886,193084967.0,56.091
2025-12-10 09:38:00,0.0,56.1,56.69,55.87,22521,126589789.0,56.102
2025-12-10 09:39:00,0.0,56.61,56.61,56.15,18403,103853618.0,56.127
2025-12-10 09:40:00,0.0,55.97,56.55,55.97,16921,95192564.0,56.135
2025-12-10 09:41:00,0.0,55.5,55.91,55.35,13884,77188253.0,56.108
2025-12-10 09:42:00,0.0,56.02,56.09,55.52,11301,63112201.0,56.098
2025-12-10 09:43:00,0.0,55.2,55.98,55.2,11686,65016231.0,56.08
2025-12-10 09:44:00,0.0,54.68,55.15,54.52,14973,82005738.0,56.018
2025-12-10 09:45:00,0.0,55.41,55.41,54.71,10000,55044734.0,55.988
2025-12-10 09:46:00,0.0,55.02,55.38,55.02,10859,59936947.0,55.963
2025-12-10 09:47:00,0.0,55.54,55.6,55.01,9749,53947705.0,55.945
2025-12-10 09:48:00,0.0,56.0,56.0,55.55,7853,43776556.0,55.941
2025-12-10 09:49:00,0.0,56.04,56.32,56.01,11668,65537833.0,55.948
2025-12-10 09:50:00,0.0,55.59,56.0,55.58,8775,48950047.0,55.944
2025-12-10 09:51:00,0.0,56.6,56.6,55.65,9129,51329306.0,55.951
2025-12-10 09:52:00,0.0,56.43,56.78,56.43,12705,71945885.0,55.973
2025-12-10 09:53:00,0.0,56.36,56.4,56.06,7292,41026519.0,55.978
2025-12-10 09:54:00,0.0,56.97,56.97,56.4,8652,49048657.0,55.993
2025-12-10 09:55:00,0.0,57.27,57.27,56.98,16045,91650589.0,56.035
2025-12-10 09:56:00,0.0,56.69,57.36,56.69,16216,92667240.0,56.075
2025-12-10 09:57:00,0.0,57.05,57.05,56.48,9727,55158652.0,56.089
2025-12-10 09:58:00,0.0,57.08,57.34,57.08,14091,80664059.0,56.123
2025-12-10 09:59:00,0.0,56.93,56.99,56.58,7244,41180896.0,56.134
2025-12-10 10:00:00,0.0,56.59,56.95,56.59,7065,40153770.0,56.145
2025-12-10 10:01:00,0.0,57.0,57.0,56.61,6777,38477647.0,56.153
2025-12-10 10:02:00,0.0,57.48,57.48,57.03,9830,56266623.0,56.175
2025-12-10 10:03:00,0.0,57.75,57.75,57.48,18418,106175254.0,56.227
2025-12-10 10:04:00,0.0,57.24,57.68,57.23,12388,71271597.0,56.257
2025-12-10 10:05:00,0.0,57.79,57.79,57.3,7515,43208946.0,56.275
2025-12-10 10:06:00,0.0,58.5,58.5,57.82,16912,98161655.0,56.328
2025-12-10 10:07:00,0.0,59.35,59.37,58.58,18632,109775478.0,56.412
2025-12-10 10:08:00,0.0,59.96,59.96,59.39,22741,135686801.0,56.536
2025-12-10 10:09:00,0.0,59.01,59.97,58.7,34458,204730994.0,56.693
2025-12-10 10:10:00,0.0,59.18,59.78,59.15,19805,117898886.0,56.78
2025-12-10 10:11:00,0.0,58.71,59.01,58.05,14971,87538167.0,56.817
2025-12-10 10:12:00,0.0,58.85,59.01,58.75,16445,96899969.0,56.868
2025-12-10 10:13:00,0.0,58.07,58.85,58.07,9553,55787310.0,56.889
2025-12-10 10:14:00,0.0,58.96,58.96,58.1,7055,41307145.0,56.906
2025-12-10 10:15:00,0.0,58.5,58.96,58.28,8377,49163934.0,56.927
2025-12-10 10:16:00,0.0,58.8,58.86,58.55,7041,41348369.0,56.945
2025-12-10 10:17:00,0.0,58.53,58.76,58.53,7273,42663084.0,56.962
2025-12-10 10:18:00,0.0,58.31,58.5,58.31,5743,33568691.0,56.974
2025-12-10 10:19:00,0.0,58.5,58.5,58.22,5444,31750033.0,56.984
2025-12-10 10:20:00,0.0,58.83,58.83,58.53,3578,20988049.0,56.992
2025-12-10 10:21:00,0.0,58.85,59.01,58.85,7561,44578139.0,57.012
2025-12-10 10:22:00,0.0,58.69,58.9,58.66,4080,23993197.0,57.022
2025-12-10 10:23:00,0.0,58.57,58.67,58.57,3836,22486488.0,57.03
2025-12-10 10:24:00,0.0,58.74,58.74,58.55,3114,18257963.0,57.036
2025-12-10 10:25:00,0.0,58.95,58.95,58.75,3206,18861375.0,57.044
2025-12-10 10:26:00,0.0,58.87,59.0,58.87,4439,26174152.0,57.055
2025-12-10 10:27:00,0.0,58.64,58.87,58.64,2355,13830889.0,57.06
2025-12-10 10:28:00,0.0,58.79,58.79,58.64,2802,16444341.0,57.066
2025-12-10 10:29:00,0.0,59.12,59.12,58.81,4207,24809706.0,57.077
2025-12-10 10:30:00,0.0,59.49,59.5,59.14,7473,44386995.0,57.099
2025-12-10 10:31:00,0.0,58.96,59.52,58.96,5392,32003654.0,57.114
2025-12-10 10:32:00,0.0,59.07,59.07,58.96,3347,19750748.0,57.122
2025-12-10 10:33:00,0.0,58.96,59.1,58.96,3661,21612604.0,57.131
2025-12-10 10:34:00,0.0,58.7,58.9,58.69,3883,22812301.0,57.139
2025-12-10 10:35:00,0.0,58.73,58.73,58.69,2899,17019993.0,57.145
2025-12-10 10:36:00,0.0,58.51,58.73,58.5,3698,21678145.0,57.152
2025-12-10 10:37:00,0.0,58.21,58.5,58.21,5099,29766174.0,57.159
2025-12-10 10:38:00,0.0,58.09,58.2,58.02,6282,36497342.0,57.167
2025-12-10 10:39:00,0.0,58.56,58.65,58.13,2814,16427314.0,57.171
2025-12-10 10:40:00,0.0,58.45,58.72,58.44,3692,21647262.0,57.177
2025-12-10 10:41:00,0.0,58.06,58.38,58.06,3517,20467869.0,57.182
2025-12-10 10:42:00,0.0,58.04,58.05,58.02,5556,32244871.0,57.187
2025-12-10 10:43:00,0.0,58.29,58.37,58.05,3062,17824835.0,57.191
2025-12-10 10:44:00,0.0,57.95,58.39,57.95,6645,38576442.0,57.198
2025-12-10 10:45:00,0.0,57.6,57.91,57.59,5930,34219278.0,57.202
2025-12-10 10:46:00,0.0,58.0,58.0,57.66,4893,28285575.0,57.205
2025-12-10 10:47:00,0.0,57.79,58.0,57.79,3979,23051769.0,57.208
2025-12-10 10:48:00,0.0,57.79,57.79,57.67,4376,25258302.0,57.211
2025-12-10 10:49:00,0.0,58.23,58.23,57.76,2238,12978035.0,57.213
2025-12-10 10:50:00,0.0,58.23,58.38,58.23,2935,17120464.0,57.217
2025-12-10 10:51:00,0.0,58.0,58.21,58.0,1757,10207148.0,57.219
2025-12-10 10:52:00,0.0,58.2,58.2,58.0,2577,14960062.0,57.221
2025-12-10 10:53:00,0.0,58.36,58.36,58.18,2364,13781427.0,57.224
2025-12-10 10:54:00,0.0,58.5,58.5,58.38,2467,14424453.0,57.228
2025-12-10 10:55:00,0.0,58.88,58.88,58.5,2710,15907865.0,57.232
2025-12-10 10:56:00,0.0,58.53,58.94,58.53,3599,21197082.0,57.239
2025-12-10 10:57:00,0.0,58.8,58.82,58.48,3603,21098573.0,57.244
2025-12-10 10:58:00,0.0,58.6,58.9,58.55,2139,12571631.0,57.248
2025-12-10 10:59:00,0.0,58.33,58.55,58.32,1706,9969309.0,57.25
2025-12-10 11:00:00,0.0,58.36,58.36,58.3,1974,11511659.0,57.253
2025-12-10 11:01:00,0.0,58.27,58.33,58.26,1390,8102757.0,57.254
2025-12-10 11:02:00,0.0,58.13,58.27,58.12,1482,8631341.0,57.256
2025-12-10 11:03:00,0.0,58.29,58.29,58.09,2048,11920710.0,57.258
2025-12-10 11:04:00,0.0,58.41,58.41,58.29,1025,5979132.0,57.259
2025-12-10 11:05:00,0.0,58.66,58.66,58.4,757,4428359.0,57.26
2025-12-10 11:06:00,0.0,58.4,58.66,58.39,2329,13634424.0,57.264
2025-12-10 11:07:00,0.0,58.32,58.4,58.3,1041,6074119.0,57.265
2025-12-10 11:08:00,0.0,58.46,58.46,58.32,1661,9696093.0,57.267
2025-12-10 11:09:00,0.0,58.36,58.46,58.36,1348,7875212.0,57.269
2025-12-10 11:10:00,0.0,58.34,58.34,58.32,590,3441639.0,57.27
2025-12-10 11:11:00,0.0,58.37,58.4,58.33,710,4142946.0,57.27
2025-12-10 11:12:00,0.0,58.49,58.5,58.4,1043,6095396.0,57.272
2025-12-10 11:13:00,0.0,58.92,58.92,58.5,1631,9586786.0,57.274
2025-12-10 11:14:00,0.0,58.95,58.97,58.93,2541,14977907.0,57.279
2025-12-10 11:15:00,0.0,58.8,58.93,58.7,1723,10137838.0,57.282
2025-12-10 11:16:00,0.0,58.95,58.95,58.71,1687,9929570.0,57.285
2025-12-10 11:17:00,0.0,59.19,59.2,58.97,3874,22877176.0,57.292
2025-12-10 11:18:00,0.0,58.99,59.32,58.99,4057,24019927.0,57.301
2025-12-10 11:19:00,0.0,58.75,58.95,58.72,1553,9136640.0,57.303
2025-12-10 11:20:00,0.0,58.99,58.99,58.75,1159,6824960.0,57.305
2025-12-10 11:21:00,0.0,58.9,59.02,58.83,2064,12158498.0,57.309
2025-12-10 11:22:00,0.0,58.9,58.95,58.9,1503,8857988.0,57.312
2025-12-10 11:23:00,0.0,59.02,59.02,58.9,1825,10765754.0,57.315
2025-12-10 11:24:00,0.0,59.01,59.04,59.0,1613,9520964.0,57.318
2025-12-10 11:25:00,0.0,58.79,59.01,58.79,1463,8618680.0,57.32
2025-12-10 11:26:00,0.0,58.39,58.79,58.39,2082,12203281.0,57.323
2025-12-10 11:27:00,0.0,58.8,58.8,58.35,1319,7711264.0,57.325
2025-12-10 11:28:00,0.0,58.82,58.98,58.77,1531,9014169.0,57.327
2025-12-10 11:29:00,0.0,58.85,58.88,58.82,1357,7985691.0,57.33
2025-12-10 11:30:00,0.0,58.84,58.85,58.78,1094,6435333.0,57.331
2025-12-10 13:01:00,0.0,58.69,58.85,58.5,4193,24655323.0,57.338
2025-12-10 13:02:00,0.0,58.57,58.79,58.52,1069,6261091.0,57.339
2025-12-10 13:03:00,0.0,58.81,58.81,58.52,1211,7101024.0,57.341
2025-12-10 13:04:00,0.0,59.25,59.25,58.85,2152,12718553.0,57.345
2025-12-10 13:05:00,0.0,59.07,59.35,59.07,3277,19420150.0,57.352
2025-12-10 13:06:00,0.0,59.0,59.02,58.9,1766,10417299.0,57.355
2025-12-10 13:07:00,0.0,59.16,59.16,59.02,1653,9763483.0,57.358
2025-12-10 13:08:00,0.0,59.2,59.2,59.06,3685,21795435.0,57.365
2025-12-10 13:09:00,0.0,58.94,59.2,58.94,938,5539307.0,57.366
2025-12-10 13:10:00,0.0,58.75,58.93,58.68,1877,11030547.0,57.369
2025-12-10 13:11:00,0.0,58.73,58.75,58.7,1578,9267773.0,57.371
2025-12-10 13:12:00,0.0,58.43,58.72,58.43,1867,10935828.0,57.373
2025-12-10 13:13:00,0.0,58.2,58.41,58.2,2950,17202813.0,57.376
2025-12-10 13:14:00,0.0,58.22,58.22,58.1,2745,15958829.0,57.378
2025-12-10 13:15:00,0.0,58.52,58.54,58.28,1786,10430600.0,57.38
2025-12-10 13:16:00,0.0,58.2,58.5,58.2,2491,14533273.0,57.383
2025-12-10 13:17:00,0.0,58.49,58.49,58.16,1800,10482591.0,57.384
2025-12-10 13:18:00,0.0,58.88,58.88,58.49,915,5369073.0,57.386
2025-12-10 13:19:00,0.0,58.58,58.9,58.52,1852,10889042.0,57.388
2025-12-10 13:20:00,0.0,58.43,58.58,58.41,1308,7648842.0,57.39
2025-12-10 13:21:00,0.0,58.58,58.59,58.43,1199,7017477.0,57.391
2025-12-10 13:22:00,0.0,58.48,58.58,58.48,1514,8862056.0,57.393
2025-12-10 13:23:00,0.0,58.38,58.48,58.36,1299,7586838.0,57.394
2025-12-10 13:24:00,0.0,58.33,58.36,58.32,943,5501783.0,57.395
2025-12-10 13:25:00,0.0,58.32,58.34,58.3,887,5171135.0,57.396
2025-12-10 13:26:00,0.0,58.28,58.32,58.25,1137,6628513.0,57.397
2025-12-10 13:27:00,0.0,58.4,58.4,58.28,1046,6099974.0,57.398
2025-12-10 13:28:00,0.0,58.48,58.53,58.42,1174,6869210.0,57.399
2025-12-10 13:29:00,0.0,58.49,58.51,58.46,1078,6306036.0,57.4
2025-12-10 13:30:00,0.0,58.48,58.52,58.48,1369,8008425.0,57.402
2025-12-10 13:31:00,0.0,58.3,58.5,58.3,1156,6751685.0,57.403
2025-12-10 13:32:00,0.0,58.08,58.3,58.08,3330,19382801.0,57.406
2025-12-10 13:33:00,0.0,57.69,58.07,57.69,5803,33591106.0,57.409
2025-12-10 13:34:00,0.0,58.0,58.01,57.65,5005,28932532.0,57.411
2025-12-10 13:35:00,0.0,57.83,57.95,57.8,3111,18011654.0,57.412
2025-12-10 13:36:00,0.0,57.67,57.78,57.6,4440,25609998.0,57.413
2025-12-10 13:37:00,0.0,58.07,58.07,57.66,2260,13066872.0,57.414
2025-12-10 13:38:00,0.0,57.87,58.09,57.87,2314,13414689.0,57.415
2025-12-10 13:39:00,0.0,57.76,57.87,57.73,2321,13408273.0,57.416
2025-12-10 13:40:00,0.0,57.83,57.9,57.68,2854,16479462.0,57.417
2025-12-10 13:41:00,0.0,57.6,57.83,57.6,3094,17855884.0,57.418
2025-12-10 13:42:00,0.0,57.69,57.69,57.6,2314,13335021.0,57.419
2025-12-10 13:43:00,0.0,57.77,57.77,57.67,1746,10075504.0,57.419
2025-12-10 13:44:00,0.0,57.98,57.98,57.78,1075,6220387.0,57.42
2025-12-10 13:45:00,0.0,57.78,57.98,57.78,1190,6885544.0,57.42
2025-12-10 13:46:00,0.0,57.78,57.8,57.72,1088,6284930.0,57.42
2025-12-10 13:47:00,0.0,58.01,58.01,57.8,2055,11906352.0,57.421
2025-12-10 13:48:00,0.0,58.06,58.12,58.0,1486,8627200.0,57.422
2025-12-10 13:49:00,0.0,57.81,58.0,57.81,1358,7864410.0,57.423
2025-12-10 13:50:00,0.0,57.8,57.86,57.8,1519,8782648.0,57.424
2025-12-10 13:51:00,0.0,57.7,57.79,57.7,2095,12098116.0,57.424
2025-12-10 13:52:00,0.0,57.6,57.7,57.6,3152,18167498.0,57.425
2025-12-10 13:53:00,0.0,57.63,57.63,57.58,2387,13749398.0,57.425
2025-12-10 13:54:00,0.0,57.72,57.72,57.62,1555,8965522.0,57.426
2025-12-10 13:55:00,0.0,57.84,57.84,57.73,1305,7539593.0,57.426
2025-12-10 13:56:00,0.0,57.96,57.96,57.79,1607,9291820.0,57.427
2025-12-10 13:57:00,0.0,58.05,58.05,57.9,1732,10042242.0,57.428
2025-12-10 13:58:00,0.0,57.97,58.09,57.97,1128,6542909.0,57.428
2025-12-10 13:59:00,0.0,57.89,57.98,57.89,1177,6816399.0,57.429
2025-12-10 14:00:00,0.0,57.79,57.89,57.79,1170,6767991.0,57.429
2025-12-10 14:01:00,0.0,57.69,57.79,57.69,1977,11419875.0,57.43
2025-12-10 14:02:00,0.0,57.73,57.73,57.66,1649,9513008.0,57.43
2025-12-10 14:03:00,0.0,58.0,58.0,57.72,1909,11038565.0,57.431
2025-12-10 14:04:00,0.0,58.28,58.36,58.0,1818,10567263.0,57.432
2025-12-10 14:05:00,0.0,58.5,58.5,58.26,1158,6760039.0,57.433
2025-12-10 14:06:00,0.0,58.84,58.85,58.5,3567,20916693.0,57.437
2025-12-10 14:07:00,0.0,58.49,58.84,58.48,3447,20210921.0,57.441
2025-12-10 14:08:00,0.0,58.73,58.75,58.52,1345,7884510.0,57.442
2025-12-10 14:09:00,0.0,58.78,58.85,58.76,2112,12418674.0,57.445
2025-12-10 14:10:00,0.0,58.39,58.77,58.39,1428,8369328.0,57.447
2025-12-10 14:11:00,0.0,58.41,58.5,58.4,1803,10535516.0,57.448
2025-12-10 14:12:00,0.0,58.7,58.71,58.46,1488,8715072.0,57.45
2025-12-10 14:13:00,0.0,58.82,58.82,58.71,1884,11074752.0,57.452
2025-12-10 14:14:00,0.0,58.8,58.84,58.77,1381,8122654.0,57.454
2025-12-10 14:15:00,0.0,58.7,58.8,58.69,2469,14510122.0,57.457
2025-12-10 14:16:00,0.0,58.57,58.79,58.56,1069,6269002.0,57.458
2025-12-10 14:17:00,0.0,58.5,58.58,58.5,1840,10770463.0,57.46
2025-12-10 14:18:00,0.0,58.31,58.5,58.3,1254,7320430.0,57.461
2025-12-10 14:19:00,0.0,58.59,58.59,58.29,2121,12387043.0,57.463
2025-12-10 14:20:00,0.0,58.8,58.8,58.6,1912,11223988.0,57.465
2025-12-10 14:21:00,0.0,58.72,58.83,58.72,1730,10165679.0,57.467
2025-12-10 14:22:00,0.0,58.62,58.72,58.62,1130,6631578.0,57.468
2025-12-10 14:23:00,0.0,58.76,58.79,58.63,1817,10669059.0,57.47
2025-12-10 14:24:00,0.0,58.71,58.8,58.7,1674,9837547.0,57.472
2025-12-10 14:25:00,0.0,58.87,58.87,58.7,2492,14652086.0,57.475
2025-12-10 14:26:00,0.0,59.0,59.0,58.87,5080,29954023.0,57.482
2025-12-10 14:27:00,0.0,59.06,59.09,59.0,3381,19964786.0,57.487
2025-12-10 14:28:00,0.0,58.87,59.05,58.87,2511,14811972.0,57.49
2025-12-10 14:29:00,0.0,58.81,58.87,58.8,1628,9577738.0,57.492
2025-12-10 14:30:00,0.0,58.84,58.85,58.81,1598,9401264.0,57.494
2025-12-10 14:31:00,0.0,58.86,58.87,58.82,1334,7849899.0,57.496
2025-12-10 14:32:00,0.0,58.94,58.94,58.85,1361,8015176.0,57.497
2025-12-10 14:33:00,0.0,59.2,59.2,58.95,4561,26941063.0,57.504
2025-12-10 14:34:00,0.0,59.47,59.47,59.22,5878,34870705.0,57.513
2025-12-10 14:35:00,0.0,59.1,59.5,59.1,5923,35195963.0,57.523
2025-12-10 14:36:00,0.0,59.03,59.16,59.02,3061,18092481.0,57.527
2025-12-10 14:37:00,0.0,59.02,59.02,58.88,2692,15873179.0,57.531
2025-12-10 14:38:00,0.0,59.18,59.18,59.05,2338,13819944.0,57.534
2025-12-10 14:39:00,0.0,59.25,59.3,59.16,3188,18884423.0,57.539
2025-12-10 14:40:00,0.0,59.21,59.3,59.21,2630,15583606.0,57.543
2025-12-10 14:41:00,0.0,59.07,59.21,59.07,2556,15118510.0,57.546
2025-12-10 14:42:00,0.0,59.07,59.07,59.0,4110,24254878.0,57.551
2025-12-10 14:43:00,0.0,58.81,59.06,58.8,4321,25453713.0,57.556
2025-12-10 14:44:00,0.0,59.03,59.03,58.81,2894,17042715.0,57.56
2025-12-10 14:45:00,0.0,58.98,59.1,58.98,2493,14721378.0,57.563
2025-12-10 14:46:00,0.0,58.98,58.99,58.92,2559,15084681.0,57.566
2025-12-10 14:47:00,0.0,58.89,58.97,58.89,2671,15742498.0,57.569
2025-12-10 14:48:00,0.0,58.72,58.88,58.72,3751,22059123.0,57.573
2025-12-10 14:49:00,0.0,58.88,58.88,58.72,3249,19092106.0,57.576
2025-12-10 14:50:00,0.0,58.92,58.94,58.89,2653,15630862.0,57.579
2025-12-10 14:51:00,0.0,58.88,58.93,58.88,4267,25138134.0,57.584
2025-12-10 14:52:00,0.0,58.85,58.9,58.85,3431,20197266.0,57.588
2025-12-10 14:53:00,0.0,58.83,58.86,58.83,5995,35274744.0,57.594
2025-12-10 14:54:00,0.0,58.71,58.83,58.67,5928,34804561.0,57.6
2025-12-10 14:55:00,0.0,58.83,58.83,58.68,5411,31783821.0,57.605
2025-12-10 14:56:00,0.0,58.78,58.82,58.78,8198,48200012.0,57.613
2025-12-10 14:57:00,0.0,58.9,58.9,58.79,10263,60373067.0,57.623
2025-12-10 14:58:00,0.0,58.88,58.88,58.88,339,1995967.0,57.623
2025-12-10 14:59:00,0.0,58.88,58.88,58.88,0,0.0,57.623
2025-12-10 15:00:00,0.0,58.88,58.88,58.88,20113,118425344.0,57.643
2025-12-11 09:30:00,0.0,58.31,58.31,58.31,11461,66828332.0,58.31
2025-12-11 09:31:00,0.0,58.57,59.22,58.32,34399,201733882.0,58.561
2025-12-11 09:32:00,0.0,60.99,61.0,58.6,22022,132241920.0,59.044
2025-12-11 09:33:00,0.0,60.83,61.16,60.01,42348,257195757.0,59.694
2025-12-11 09:34:00,0.0,61.82,61.87,60.83,30080,184216750.0,60.026
2025-12-11 09:35:00,0.0,60.99,61.97,60.79,34482,211593074.0,60.29
2025-12-11 09:36:00,0.0,61.3,61.68,61.04,22477,138206552.0,60.426
2025-12-11 09:37:00,0.0,60.7,61.18,60.7,20210,123259598.0,60.479
2025-12-11 09:38:00,0.0,61.05,61.14,60.52,21090,128325893.0,60.511
2025-12-11 09:39:00,0.0,60.38,61.0,60.38,12955,78592341.0,60.519
2025-12-11 09:40:00,0.0,59.91,60.2,59.68,19004,113782442.0,60.474
2025-12-11 09:41:00,0.0,60.55,60.66,59.85,13205,79710854.0,60.469
2025-12-11 09:42:00,0.0,60.01,60.5,59.9,14185,85228872.0,60.45
2025-12-11 09:43:00,0.0,60.9,60.9,60.14,7595,45959067.0,60.452
2025-12-11 09:44:00,0.0,61.45,61.45,60.95,12078,73887544.0,60.479
2025-12-11 09:45:00,0.0,60.67,61.49,60.67,11696,71542994.0,60.504
2025-12-11 09:46:00,0.0,61.35,61.4,60.63,9334,57012580.0,60.52
2025-12-11 09:47:00,0.0,61.22,61.34,60.98,10243,62620387.0,60.538
2025-12-11 09:48:00,0.0,61.4,61.4,61.16,8961,54935933.0,60.557
2025-12-11 09:49:00,0.0,60.82,61.5,60.82,11177,68532887.0,60.58
2025-12-11 09:50:00,0.0,61.04,61.04,60.67,5909,35931699.0,60.583
2025-12-11 09:51:00,0.0,61.25,61.34,61.06,5727,35093345.0,60.594
2025-12-11 09:52:00,0.0,60.86,61.19,60.86,4973,30330677.0,60.599
2025-12-11 09:53:00,0.0,61.1,61.18,60.83,4910,29949917.0,60.604
2025-12-11 09:54:00,0.0,61.02,61.17,61.02,6169,37704597.0,60.612
2025-12-11 09:55:00,0.0,60.93,61.02,60.9,4024,24520842.0,60.615
2025-12-11 09:56:00,0.0,61.28,61.28,60.93,3805,23231320.0,60.619
2025-12-11 09:57:00,0.0,61.11,61.35,61.11,7045,43170529.0,60.631
2025-12-11 09:58:00,0.0,61.1,61.1,60.97,4074,24867129.0,60.635
2025-12-11 09:59:00,0.0,61.3,61.3,61.06,2718,16618408.0,60.638
2025-12-11 10:00:00,0.0,61.63,61.63,61.31,9133,56125285.0,60.655
2025-12-11 10:01:00,0.0,61.4,61.81,61.4,12966,79983651.0,60.686
2025-12-11 10:02:00,0.0,61.5,61.51,61.36,6064,37240677.0,60.696
2025-12-11 10:03:00,0.0,61.16,61.5,61.16,6137,37660816.0,60.705
2025-12-11 10:04:00,0.0,61.02,61.19,61.0,6383,38966960.0,60.71
2025-12-11 10:05:00,0.0,60.84,61.02,60.84,5775,35203157.0,60.713
2025-12-11 10:06:00,0.0,61.24,61.24,60.79,5888,35866108.0,60.715
2025-12-11 10:07:00,0.0,61.47,61.5,61.25,5590,34332401.0,60.723
2025-12-11 10:08:00,0.0,61.36,61.5,61.23,5739,35251499.0,60.732
2025-12-11 10:09:00,0.0,61.14,61.35,61.14,3122,19128020.0,60.735
2025-12-11 10:10:00,0.0,61.48,61.48,61.11,3018,18494836.0,60.739
2025-12-11 10:11:00,0.0,61.83,61.83,61.49,7055,43521905.0,60.752
2025-12-11 10:12:00,0.0,62.24,62.26,61.84,15709,97345029.0,60.79
2025-12-11 10:13:00,0.0,62.98,63.0,62.3,15783,99104777.0,60.85
2025-12-11 10:14:00,0.0,62.4,62.98,62.25,20332,127526468.0,60.919
2025-12-11 10:15:00,0.0,63.18,63.2,62.5,9137,57448090.0,60.951
2025-12-11 10:16:00,0.0,62.97,63.48,62.97,19101,120847468.0,61.028
2025-12-11 10:17:00,0.0,63.26,63.26,62.8,7997,50338986.0,61.054
2025-12-11 10:18:00,0.0,63.95,63.95,63.39,12619,80425353.0,61.111
2025-12-11 10:19:00,0.0,64.44,64.44,63.96,13149,84297949.0,61.176
2025-12-11 10:20:00,0.0,63.5,64.5,63.5,15834,101533785.0,61.251
2025-12-11 10:21:00,0.0,64.19,64.19,63.45,8742,55717777.0,61.285
2025-12-11 10:22:00,0.0,63.48,64.27,63.48,9665,61825575.0,61.325
2025-12-11 10:23:00,0.0,63.08,63.43,63.0,8964,56591738.0,61.35
2025-12-11 10:24:00,0.0,63.86,63.86,63.15,5130,32639701.0,61.368
2025-12-11 10:25:00,0.0,63.17,63.88,63.13,6526,41477474.0,61.389
2025-12-11 10:26:00,0.0,63.71,63.71,63.12,3687,23362732.0,61.4
2025-12-11 10:27:00,0.0,63.52,63.75,63.52,5235,33321206.0,61.418
2025-12-11 10:28:00,0.0,63.58,63.61,63.5,4291,27271308.0,61.431
2025-12-11 10:29:00,0.0,64.1,64.1,63.6,3986,25458232.0,61.446
2025-12-11 10:30:00,0.0,64.33,64.33,64.1,4803,30846244.0,61.465
2025-12-11 10:31:00,0.0,63.69,64.4,63.69,4910,31505742.0,61.484
2025-12-11 10:32:00,0.0,64.19,64.19,63.66,3188,20368490.0,61.495
2025-12-11 10:33:00,0.0,64.04,64.19,63.99,4446,28496361.0,61.512
2025-12-11 10:34:00,0.0,64.2,64.2,64.01,3801,24360251.0,61.526
2025-12-11 10:35:00,0.0,64.45,64.45,64.2,3981,25613256.0,61.542
2025-12-11 10:36:00,0.0,64.97,64.97,64.48,8136,52626484.0,61.577
2025-12-11 10:37:00,0.0,65.49,65.5,64.99,7512,48909242.0,61.614
2025-12-11 10:38:00,0.0,65.18,65.8,65.18,13275,87034703.0,61.685
2025-12-11 10:39:00,0.0,65.05,65.14,64.78,6583,42754991.0,61.714
2025-12-11 10:40:00,0.0,65.79,65.79,65.08,3673,24033159.0,61.733
2025-12-11 10:41:00,0.0,66.55,66.56,65.79,9877,65233574.0,61.789
2025-12-11 10:42:00,0.0,65.7,66.66,65.7,13391,88973654.0,61.87
2025-12-11 10:43:00,0.0,64.82,65.64,64.82,7937,51774802.0,61.905
2025-12-11 10:44:00,0.0,65.7,65.77,64.99,8010,52359130.0,61.94
2025-12-11 10:45:00,0.0,64.1,65.68,64.1,8639,56114810.0,61.973
2025-12-11 10:46:00,0.0,64.28,64.45,63.95,14454,92608921.0,62.01
2025-12-11 10:47:00,0.0,63.55,64.2,63.5,9195,58753013.0,62.032
2025-12-11 10:48:00,0.0,63.59,63.59,63.02,15277,96517791.0,62.053
2025-12-11 10:49:00,0.0,64.23,64.3,63.6,8630,55256048.0,62.073
2025-12-11 10:50:00,0.0,63.03,64.21,63.03,8342,53175403.0,62.089
2025-12-11 10:51:00,0.0,63.8,63.8,63.0,11368,71862258.0,62.104
2025-12-11 10:52:00,0.0,63.01,63.63,63.01,8069,51043874.0,62.115
2025-12-11 10:53:00,0.0,63.36,63.4,63.0,8495,53562774.0,62.124
2025-12-11 10:54:00,0.0,63.59,63.59,63.33,4108,26066162.0,62.13
2025-12-11 10:55:00,0.0,63.0,63.59,63.0,6586,41649222.0,62.139
2025-12-11 10:56:00,0.0,62.29,62.92,62.29,9615,60277270.0,62.144
2025-12-11 10:57:00,0.0,62.88,62.88,62.09,16903,105189090.0,62.146
2025-12-11 10:58:00,0.0,63.42,63.42,62.99,5887,37149062.0,62.152
2025-12-11 10:59:00,0.0,62.09,63.21,62.09,7362,45987940.0,62.155
2025-12-11 11:00:00,0.0,61.13,62.08,61.13,15392,94855646.0,62.146
2025-12-11 11:01:00,0.0,61.5,61.5,60.73,21660,132046997.0,62.119
2025-12-11 11:02:00,0.0,62.71,62.71,61.6,7371,45874446.0,62.12
2025-12-11 11:03:00,0.0,61.26,62.7,61.26,9919,61527671.0,62.119
2025-12-11 11:04:00,0.0,62.0,62.0,61.2,7093,43582465.0,62.115
2025-12-11 11:05:00,0.0,61.76,62.28,61.76,7016,43578025.0,62.115
2025-12-11 11:06:00,0.0,61.7,61.73,61.31,6281,38613716.0,62.111
2025-12-11 11:07:00,0.0,62.31,62.31,61.73,3407,21154451.0,62.111
2025-12-11 11:08:00,0.0,62.08,62.38,62.08,4501,28050453.0,62.112
2025-12-11 11:09:00,0.0,61.8,62.03,61.74,3454,21367630.0,62.111
2025-12-11 11:10:00,0.0,62.04,62.04,61.79,2927,18137447.0,62.11
2025-12-11 11:11:00,0.0,62.25,62.25,62.04,3067,19043561.0,62.11
2025-12-11 11:12:00,0.0,62.76,62.76,62.25,3091,19304454.0,62.111
2025-12-11 11:13:00,0.0,62.99,63.0,62.78,4470,28142263.0,62.115
2025-12-11 11:14:00,0.0,62.41,63.0,62.41,3632,22786115.0,62.117
2025-12-11 11:15:00,0.0,62.42,62.5,62.29,1952,12177949.0,62.118
2025-12-11 11:16:00,0.0,62.8,62.8,62.39,1477,9238731.0,62.118
2025-12-11 11:17:00,0.0,63.0,63.0,62.88,2172,13673322.0,62.12
2025-12-11 11:18:00,0.0,62.25,63.02,62.25,3989,25020759.0,62.122
2025-12-11 11:19:00,0.0,62.2,62.32,62.1,2190,13616524.0,62.122
2025-12-11 11:20:00,0.0,62.18,62.22,62.11,1429,8882860.0,62.122
2025-12-11 11:21:00,0.0,62.32,62.32,62.12,1229,7643877.0,62.123
2025-12-11 11:22:00,0.0,62.88,62.93,62.37,1026,6433317.0,62.123
2025-12-11 11:23:00,0.0,62.19,62.87,62.19,1408,8803342.0,62.124
2025-12-11 11:24:00,0.0,62.41,62.48,62.16,2626,16356797.0,62.124
2025-12-11 11:25:00,0.0,62.2,62.49,62.2,1447,9020011.0,62.124
2025-12-11 11:26:00,0.0,62.01,62.2,62.01,1587,9858032.0,62.124
2025-12-11 11:27:00,0.0,61.73,62.0,61.73,2996,18550683.0,62.124
2025-12-11 11:28:00,0.0,61.33,61.72,61.33,5246,32282217.0,62.121
2025-12-11 11:29:00,0.0,60.92,61.25,60.92,11004,67214874.0,62.11
2025-12-11 11:30:00,0.0,61.74,61.74,60.9,6071,37091670.0,62.105
2025-12-11 13:01:00,0.0,61.11,61.74,61.11,5034,31014975.0,62.102
2025-12-11 13:02:00,0.0,60.82,61.07,60.8,5148,31348461.0,62.097
2025-12-11 13:03:00,0.0,60.89,60.89,60.69,5860,35611305.0,62.089
2025-12-11 13:04:00,0.0,61.54,61.54,60.88,2307,14144699.0,62.088
2025-12-11 13:05:00,0.0,60.96,61.67,60.96,4124,25328983.0,62.085
2025-12-11 13:06:00,0.0,61.16,61.16,60.85,3433,20910916.0,62.082
2025-12-11 13:07:00,0.0,61.38,61.38,61.06,2587,15863118.0,62.08
2025-12-11 13:08:00,0.0,61.08,61.46,61.08,1883,11554496.0,62.079
2025-12-11 13:09:00,0.0,60.96,61.1,60.96,3951,24104167.0,62.075
2025-12-11 13:10:00,0.0,60.8,60.96,60.8,3331,20277676.0,62.071
2025-12-11 13:11:00,0.0,60.5,60.79,60.5,4624,28039351.0,62.065
2025-12-11 13:12:00,0.0,59.88,60.5,59.88,12851,77252236.0,62.043
2025-12-11 13:13:00,0.0,59.02,59.86,59.02,13661,81257482.0,62.013
2025-12-11 13:14:00,0.0,59.03,59.04,58.9,20620,121600296.0,61.959
2025-12-11 13:15:00,0.0,60.31,60.31,59.29,5917,35370509.0,61.948
2025-12-11 13:16:00,0.0,59.99,60.49,59.99,10534,63580449.0,61.934
2025-12-11 13:17:00,0.0,59.72,59.95,59.6,7140,42631142.0,61.921
2025-12-11 13:18:00,0.0,60.3,60.3,59.73,4301,25802057.0,61.914
2025-12-11 13:19:00,0.0,60.98,60.98,60.35,4064,24672087.0,61.91
2025-12-11 13:20:00,0.0,60.3,60.99,60.3,6033,36637989.0,61.904
2025-12-11 13:21:00,0.0,59.98,60.28,59.98,2910,17487260.0,61.899
2025-12-11 13:22:00,0.0,60.02,60.02,59.88,3389,20308458.0,61.894
2025-12-11 13:23:00,0.0,60.46,60.47,60.08,2504,15086721.0,61.89
2025-12-11 13:24:00,0.0,60.27,60.58,60.27,3137,18961341.0,61.887
2025-12-11 13:25:00,0.0,60.17,60.27,60.17,2528,15219523.0,61.883
2025-12-11 13:26:00,0.0,59.95,60.18,59.95,2812,16890961.0,61.879
2025-12-11 13:27:00,0.0,59.91,59.96,59.88,4393,26322962.0,61.872
2025-12-11 13:28:00,0.0,59.91,59.94,59.89,3034,18173543.0,61.867
2025-12-11 13:29:00,0.0,59.54,59.92,59.54,4219,25212964.0,61.86
2025-12-11 13:30:00,0.0,59.23,59.53,59.23,5448,32359664.0,61.849
2025-12-11 13:31:00,0.0,59.91,59.91,59.23,4608,27357075.0,61.84
2025-12-11 13:32:00,0.0,60.6,60.6,59.94,3620,21795961.0,61.835
2025-12-11 13:33:00,0.0,60.19,60.71,60.19,3664,22169554.0,61.831
2025-12-11 13:34:00,0.0,60.0,60.19,59.94,3866,23203184.0,61.826
2025-12-11 13:35:00,0.0,60.65,60.65,60.09,2740,16550015.0,61.823
2025-12-11 13:36:00,0.0,60.95,60.95,60.68,3551,21610486.0,61.82
2025-12-11 13:37:00,0.0,60.89,61.0,60.89,4437,27054108.0,61.817
2025-12-11 13:38:00,0.0,60.25,60.8,60.25,1612,9772022.0,61.815
2025-12-11 13:39:00,0.0,60.71,60.71,60.25,1781,10770541.0,61.814
2025-12-11 13:40:00,0.0,60.55,60.71,60.55,1494,9058859.0,61.812
2025-12-11 13:41:00,0.0,60.53,60.61,60.53,1642,9943499.0,61.811
2025-12-11 13:42:00,0.0,60.5,60.57,60.43,1706,10323409.0,61.809
2025-12-11 13:43:00,0.0,60.75,60.75,60.44,1250,7574236.0,61.808
2025-12-11 13:44:00,0.0,60.97,60.97,60.75,1387,8442410.0,61.807
2025-12-11 13:45:00,0.0,60.9,61.0,60.9,2857,17419354.0,61.805
2025-12-11 13:46:00,0.0,60.69,60.9,60.68,2044,12429663.0,61.803
2025-12-11 13:47:00,0.0,60.65,60.7,60.6,1774,10759638.0,61.802
2025-12-11 13:48:00,0.0,60.62,60.63,60.56,1617,9798361.0,61.8
2025-12-11 13:49:00,0.0,61.0,61.0,60.62,1576,9599352.0,61.799
2025-12-11 13:50:00,0.0,61.22,61.22,61.01,1861,11370785.0,61.798
2025-12-11 13:51:00,0.0,61.62,61.62,61.2,2013,12374331.0,61.797
2025-12-11 13:52:00,0.0,61.34,61.8,61.34,6102,37617539.0,61.797
2025-12-11 13:53:00,0.0,61.1,61.4,61.0,2293,14043711.0,61.796
2025-12-11 13:54:00,0.0,61.4,61.4,60.88,1723,10539635.0,61.795
2025-12-11 13:55:00,0.0,61.95,61.95,61.42,2079,12834060.0,61.795
2025-12-11 13:56:00,0.0,62.13,62.13,61.95,4951,30694751.0,61.796
2025-12-11 13:57:00,0.0,62.41,62.41,62.11,3259,20283170.0,61.797
2025-12-11 13:58:00,0.0,61.69,62.5,61.69,4732,29500410.0,61.799
2025-12-11 13:59:00,0.0,61.64,61.66,61.44,2551,15699099.0,61.798
2025-12-11 14:00:00,0.0,62.2,62.2,61.69,1351,8364567.0,61.798
2025-12-11 14:01:00,0.0,61.54,62.24,61.54,2711,16784965.0,61.799
2025-12-11 14:02:00,0.0,61.78,61.79,61.5,2091,12890359.0,61.798
2025-12-11 14:03:00,0.0,61.97,61.97,61.72,1762,10901861.0,61.798
2025-12-11 14:04:00,0.0,61.5,61.96,61.5,1426,8808384.0,61.798
2025-12-11 14:05:00,0.0,61.15,61.49,61.15,2292,14054796.0,61.798
2025-12-11 14:06:00,0.0,60.79,61.1,60.79,2395,14599240.0,61.796
2025-12-11 14:07:00,0.0,61.26,61.26,60.73,1930,11751239.0,61.795
2025-12-11 14:08:00,0.0,61.13,61.42,61.13,1774,10873867.0,61.794
2025-12-11 14:09:00,0.0,60.89,61.08,60.89,1446,8822278.0,61.793
2025-12-11 14:10:00,0.0,60.76,60.89,60.76,2486,15120240.0,61.791
2025-12-11 14:11:00,0.0,60.98,60.98,60.75,2024,12310436.0,61.79
2025-12-11 14:12:00,0.0,61.07,61.16,60.98,1188,7250855.0,61.789
2025-12-11 14:13:00,0.0,60.76,61.04,60.76,2834,17263597.0,61.787
2025-12-11 14:14:00,0.0,60.4,60.74,60.4,2313,14015127.0,61.785
2025-12-11 14:15:00,0.0,60.08,60.39,60.08,2708,16320325.0,61.782
2025-12-11 14:16:00,0.0,60.01,60.08,60.01,5102,30624175.0,61.776
2025-12-11 14:17:00,0.0,60.11,60.11,60.01,3317,19913325.0,61.772
2025-12-11 14:18:00,0.0,60.7,60.7,60.11,1975,11950663.0,61.77
2025-12-11 14:19:00,0.0,60.33,60.65,60.33,1859,11235328.0,61.768
2025-12-11 14:20:00,0.0,60.11,60.3,60.11,2012,12113051.0,61.766
2025-12-11 14:21:00,0.0,59.94,60.11,59.94,4053,24322970.0,61.76
2025-12-11 14:22:00,0.0,59.97,59.98,59.88,4879,29222780.0,61.754
2025-12-11 14:23:00,0.0,60.24,60.28,59.98,2105,12643873.0,61.751
2025-12-11 14:24:00,0.0,60.51,60.55,60.31,1618,9775818.0,61.75
2025-12-11 14:25:00,0.0,60.13,60.53,60.13,2629,15884647.0,61.747
2025-12-11 14:26:00,0.0,59.88,60.08,59.88,3009,18045349.0,61.743
2025-12-11 14:27:00,0.0,59.66,59.9,59.66,3110,18593200.0,61.739
2025-12-11 14:28:00,0.0,59.85,59.85,59.6,4025,24033620.0,61.733
2025-12-11 14:29:00,0.0,59.95,59.99,59.85,2597,15569677.0,61.73
2025-12-11 14:30:00,0.0,59.56,59.95,59.56,4504,26910988.0,61.723
2025-12-11 14:31:00,0.0,59.34,59.51,59.3,7647,45404072.0,61.711
2025-12-11 14:32:00,0.0,59.5,59.5,59.35,4627,27497524.0,61.703
2025-12-11 14:33:00,0.0,59.9,59.9,59.5,2661,15865379.0,61.699
2025-12-11 14:34:00,0.0,59.76,59.93,59.76,3065,18341580.0,61.695
2025-12-11 14:35:00,0.0,59.39,59.73,59.39,3532,21020220.0,61.69
2025-12-11 14:36:00,0.0,59.4,59.41,59.28,6203,36803252.0,61.679
2025-12-11 14:37:00,0.0,59.75,59.75,59.4,3914,23313579.0,61.674
2025-12-11 14:38:00,0.0,59.66,59.78,59.66,3908,23336387.0,61.668
2025-12-11 14:39:00,0.0,59.4,59.68,59.4,2201,13097903.0,61.665
2025-12-11 14:40:00,0.0,58.88,59.38,58.88,10533,62235506.0,61.646
2025-12-11 14:41:00,0.0,57.88,58.88,57.88,14530,84867746.0,61.614
2025-12-11 14:42:00,0.0,56.5,57.88,56.13,17955,102607789.0,61.56
2025-12-11 14:43:00,0.0,57.29,57.29,55.55,27789,156171081.0,61.461
2025-12-11 14:44:00,0.0,57.98,58.52,57.66,13842,80603377.0,61.432
2025-12-11 14:45:00,0.0,56.75,57.89,56.61,14655,83588434.0,61.39
2025-12-11 14:46:00,0.0,58.01,58.01,56.9,7109,40818450.0,61.371
2025-12-11 14:47:00,0.0,57.5,58.01,57.49,7892,45668996.0,61.354
2025-12-11 14:48:00,0.0,57.78,57.78,57.3,9187,52792922.0,61.331
2025-12-11 14:49:00,0.0,58.1,58.14,57.81,6387,37011985.0,61.317
2025-12-11 14:50:00,0.0,57.45,58.09,57.45,8011,46324799.0,61.299
2025-12-11 14:51:00,0.0,57.01,57.43,57.01,6391,36614516.0,61.283
2025-12-11 14:52:00,0.0,56.79,57.01,56.77,13602,77374026.0,61.245
2025-12-11 14:53:00,0.0,56.63,56.78,56.61,11542,65457384.0,61.213
2025-12-11 14:54:00,0.0,55.79,56.6,55.79,15553,87381455.0,61.165
2025-12-11 14:55:00,0.0,56.0,56.0,55.59,25459,141767771.0,61.08
2025-12-11 14:56:00,0.0,57.0,57.0,56.11,10077,57023960.0,61.053
2025-12-11 14:57:00,0.0,55.9,57.02,55.9,18272,103401294.0,61.004
2025-12-11 14:58:00,0.0,55.9,55.9,55.9,283,1581452.0,61.003
2025-12-11 14:59:00,0.0,55.9,55.9,55.9,0,0.0,61.003
2025-12-11 15:00:00,0.0,55.89,55.9,55.89,28690,160346174.0,60.917
2025-12-12 09:30:00,0.0,55.19,55.19,55.19,23152,127775998.0,55.19
2025-12-12 09:31:00,0.0,57.05,57.2,55.35,48484,272115648.0,55.823
2025-12-12 09:32:00,0.0,56.95,57.89,56.95,41605,239063555.0,56.424
2025-12-12 09:33:00,0.0,56.88,56.88,55.99,32917,185481560.0,56.407
2025-12-12 09:34:00,0.0,58.1,58.1,56.97,24645,142142334.0,56.59
2025-12-12 09:35:00,0.0,57.67,58.3,57.24,34491,199288746.0,56.79
2025-12-12 09:36:00,0.0,58.4,58.53,57.68,23752,138267249.0,56.938
2025-12-12 09:37:00,0.0,57.5,58.35,57.5,27314,158149930.0,57.04
2025-12-12 09:38:00,0.0,57.35,57.5,57.06,18434,105459972.0,57.052
2025-12-12 09:39:00,0.0,57.46,57.84,57.39,17594,101229569.0,57.081
2025-12-12 09:40:00,0.0,56.33,57.47,56.33,18266,103865731.0,57.068
2025-12-12 09:41:00,0.0,56.92,57.08,56.22,19903,112639737.0,57.039
2025-12-12 09:42:00,0.0,56.4,56.88,56.29,16906,95515363.0,57.013
2025-12-12 09:43:00,0.0,57.28,57.28,56.47,8435,47855944.0,57.006
2025-12-12 09:44:00,0.0,56.9,57.3,56.87,11767,67154481.0,57.009
2025-12-12 09:45:00,0.0,56.99,57.0,56.85,9710,55277827.0,57.006
2025-12-12 09:46:00,0.0,56.75,56.99,56.75,8110,46139948.0,57.004
2025-12-12 09:47:00,0.0,56.73,56.84,56.6,9139,51791079.0,56.996
2025-12-12 09:48:00,0.0,56.57,56.73,56.57,6212,35212330.0,56.991
2025-12-12 09:49:00,0.0,55.89,56.56,55.89,14930,83864844.0,56.962
2025-12-12 09:50:00,0.0,54.97,55.81,54.91,25495,140898659.0,56.864
2025-12-12 09:51:00,0.0,54.5,54.9,54.12,35641,194230407.0,56.687
2025-12-12 09:52:00,0.0,55.22,55.81,54.61,13492,74508658.0,56.647
2025-12-12 09:53:00,0.0,54.58,55.2,54.58,17040,93474897.0,56.587
2025-12-12 09:54:00,0.0,55.86,55.86,54.56,10674,58686317.0,56.554
2025-12-12 09:55:00,0.0,55.92,56.2,55.87,9388,52563303.0,56.544
2025-12-12 09:56:00,0.0,55.8,55.99,55.8,5001,27958484.0,56.538
2025-12-12 09:57:00,0.0,56.01,56.01,55.7,6900,38532652.0,56.529
2025-12-12 09:58:00,0.0,56.51,56.51,56.0,4973,28021147.0,56.527
2025-12-12 09:59:00,0.0,56.13,56.53,55.99,8183,46039219.0,56.523
2025-12-12 10:00:00,0.0,56.49,56.49,56.14,3559,20018315.0,56.521
2025-12-12 10:01:00,0.0,57.01,57.01,56.51,6714,38129519.0,56.525
2025-12-12 10:02:00,0.0,56.78,57.21,56.78,8395,47927739.0,56.533
2025-12-12 10:03:00,0.0,57.45,57.45,56.8,8784,50156118.0,56.541
2025-12-12 10:04:00,0.0,57.09,57.48,57.0,9618,55020058.0,56.552
2025-12-12 10:05:00,0.0,56.8,57.05,56.8,3912,22297185.0,56.555
2025-12-12 10:06:00,0.0,56.98,56.98,56.64,4772,27079894.0,56.557
2025-12-12 10:07:00,0.0,57.2,57.2,56.98,3264,18638564.0,56.56
2025-12-12 10:08:00,0.0,57.37,57.55,57.25,7341,42181890.0,56.571
2025-12-12 10:09:00,0.0,56.87,57.36,56.86,3846,21964678.0,56.574
2025-12-12 10:10:00,0.0,57.8,57.8,56.9,6034,34601605.0,56.581
2025-12-12 10:11:00,0.0,57.95,57.99,57.8,9496,55002342.0,56.602
2025-12-12 10:12:00,0.0,57.5,57.95,57.5,6184,35727951.0,56.613
2025-12-12 10:13:00,0.0,58.13,58.13,57.56,7998,46279845.0,56.629
2025-12-12 10:14:00,0.0,58.3,58.46,58.13,8656,50482705.0,56.651
2025-12-12 10:15:00,0.0,58.1,58.18,57.78,6411,37183541.0,56.664
2025-12-12 10:16:00,0.0,58.44,58.44,58.1,5961,34751394.0,56.679
2025-12-12 10:17:00,0.0,57.96,58.47,57.96,7087,41338713.0,56.697
2025-12-12 10:18:00,0.0,58.15,58.15,57.82,3902,22617956.0,56.704
2025-12-12 10:19:00,0.0,58.04,58.32,58.04,5255,30598936.0,56.716
2025-12-12 10:20:00,0.0,57.62,58.0,57.62,4154,24032062.0,56.723
2025-12-12 10:21:00,0.0,57.44,57.61,57.31,4491,25776400.0,56.727
2025-12-12 10:22:00,0.0,58.09,58.09,57.5,3904,22594676.0,56.733
2025-12-12 10:23:00,0.0,57.85,58.11,57.85,3739,21694585.0,56.74
2025-12-12 10:24:00,0.0,58.25,58.29,57.83,5032,29204580.0,56.75
2025-12-12 10:25:00,0.0,57.96,58.4,57.96,4208,24526975.0,56.759
2025-12-12 10:26:00,0.0,58.35,58.43,58.01,5915,34473060.0,56.771
2025-12-12 10:27:00,0.0,58.35,58.4,58.3,5305,30963260.0,56.783
2025-12-12 10:28:00,0.0,58.11,58.36,58.11,4480,26110514.0,56.793
2025-12-12 10:29:00,0.0,57.88,58.11,57.88,3830,22206559.0,56.799
2025-12-12 10:30:00,0.0,58.2,58.2,57.84,2906,16842651.0,56.804
2025-12-12 10:31:00,0.0,58.38,58.43,58.24,5928,34603542.0,56.816
2025-12-12 10:32:00,0.0,58.25,58.43,58.16,2731,15917165.0,56.822
2025-12-12 10:33:00,0.0,58.39,58.4,58.21,3301,19253036.0,56.828
2025-12-12 10:34:00,0.0,58.11,58.4,58.0,3159,18394340.0,56.834
2025-12-12 10:35:00,0.0,57.98,58.11,57.9,2553,14808691.0,56.838
2025-12-12 10:36:00,0.0,58.36,58.36,58.0,2157,12557757.0,56.842
2025-12-12 10:37:00,0.0,58.3,58.35,58.28,4805,28028717.0,56.852
2025-12-12 10:38:00,0.0,59.0,59.0,58.33,14525,85184746.0,56.886
2025-12-12 10:39:00,0.0,59.6,59.6,59.0,9624,57125640.0,56.916
2025-12-12 10:40:00,0.0,59.34,59.88,59.08,15334,91432202.0,56.969
2025-12-12 10:41:00,0.0,60.06,60.06,59.34,16900,101156495.0,57.029
2025-12-12 10:42:00,0.0,59.72,60.36,59.72,12332,74087064.0,57.075
2025-12-12 10:43:00,0.0,59.78,59.78,59.37,6218,37047513.0,57.094
2025-12-12 10:44:00,0.0,60.5,60.5,59.9,7398,44514764.0,57.121
2025-12-12 10:45:00,0.0,60.05,60.7,60.0,10335,62399444.0,57.161
2025-12-12 10:46:00,0.0,60.19,60.49,60.06,6571,39607996.0,57.185
2025-12-12 10:47:00,0.0,59.49,60.15,59.49,4801,28731213.0,57.2
2025-12-12 10:48:00,0.0,59.72,59.72,59.32,5160,30646464.0,57.213
2025-12-12 10:49:00,0.0,60.02,60.02,59.72,4836,28973872.0,57.228
2025-12-12 10:50:00,0.0,59.68,60.02,59.67,3949,23620243.0,57.24
2025-12-12 10:51:00,0.0,60.25,60.25,59.68,3317,19889762.0,57.25
2025-12-12 10:52:00,0.0,60.12,60.29,60.1,3456,20812569.0,57.262
2025-12-12 10:53:00,0.0,59.92,60.1,59.78,2690,16126651.0,57.27
2025-12-12 10:54:00,0.0,59.97,59.98,59.83,3148,18873785.0,57.28
2025-12-12 10:55:00,0.0,59.81,59.98,59.81,3151,18878882.0,57.289
2025-12-12 10:56:00,0.0,59.58,59.82,59.58,2987,17833732.0,57.297
2025-12-12 10:57:00,0.0,59.93,59.93,59.58,3294,19652762.0,57.306
2025-12-12 10:58:00,0.0,59.77,59.95,59.77,2017,12069200.0,57.312
2025-12-12 10:59:00,0.0,59.73,59.75,59.63,2232,13327670.0,57.318
2025-12-12 11:00:00,0.0,59.93,59.98,59.74,1929,11546060.0,57.323
2025-12-12 11:01:00,0.0,59.92,60.0,59.88,2846,17064806.0,57.331
2025-12-12 11:02:00,0.0,59.93,59.99,59.9,2341,14031114.0,57.338
2025-12-12 11:03:00,0.0,60.33,60.33,59.97,5042,30314954.0,57.354
2025-12-12 11:04:00,0.0,60.57,60.57,60.35,6370,38512350.0,57.375
2025-12-12 11:05:00,0.0,60.75,60.77,60.58,7174,43511601.0,57.401
2025-12-12 11:06:00,0.0,60.36,60.78,60.25,5379,32551248.0,57.419
2025-12-12 11:07:00,0.0,60.19,60.35,60.19,3025,18233337.0,57.428
2025-12-12 11:08:00,0.0,60.66,60.69,60.21,4458,26951688.0,57.443
2025-12-12 11:09:00,0.0,59.99,60.65,59.99,4082,24615864.0,57.455
2025-12-12 11:10:00,0.0,60.16,60.16,59.82,4177,25034735.0,57.466
2025-12-12 11:11:00,0.0,59.98,60.3,59.98,2665,16038118.0,57.474
2025-12-12 11:12:00,0.0,59.82,59.98,59.82,2277,13639617.0,57.479
2025-12-12 11:13:00,0.0,59.41,59.81,59.4,4577,27293116.0,57.49
2025-12-12 11:14:00,0.0,59.16,59.4,59.16,5908,35046912.0,57.501
2025-12-12 11:15:00,0.0,59.33,59.33,59.0,5999,35455280.0,57.511
2025-12-12 11:16:00,0.0,59.84,59.86,59.4,3139,18748500.0,57.518
2025-12-12 11:17:00,0.0,59.3,59.75,59.29,2831,16827707.0,57.524
2025-12-12 11:18:00,0.0,59.39,59.39,59.25,2654,15731122.0,57.529
2025-12-12 11:19:00,0.0,59.59,59.6,59.36,2027,12062301.0,57.533
2025-12-12 11:20:00,0.0,59.66,59.68,59.6,2009,11982526.0,57.537
2025-12-12 11:21:00,0.0,59.3,59.66,59.3,1971,11715520.0,57.541
2025-12-12 11:22:00,0.0,59.3,59.3,59.18,4096,24260825.0,57.548
2025-12-12 11:23:00,0.0,59.32,59.34,59.27,1959,11617731.0,57.551
2025-12-12 11:24:00,0.0,59.23,59.32,59.23,1889,11199303.0,57.555
2025-12-12 11:25:00,0.0,59.01,59.23,59.01,2239,13245692.0,57.558
2025-12-12 11:26:00,0.0,58.95,59.0,58.95,6202,36584754.0,57.567
2025-12-12 11:27:00,0.0,59.0,59.0,58.85,3488,20545651.0,57.572
2025-12-12 11:28:00,0.0,59.35,59.35,59.0,2075,12266906.0,57.575
2025-12-12 11:29:00,0.0,59.22,59.36,59.22,2217,13149293.0,57.579
2025-12-12 11:30:00,0.0,59.28,59.28,59.16,2009,11896882.0,57.582
2025-12-12 13:01:00,0.0,60.39,60.4,59.32,6526,39084469.0,57.597
2025-12-12 13:02:00,0.0,60.08,60.4,59.98,3555,21392940.0,57.606
2025-12-12 13:03:00,0.0,60.23,60.24,59.9,1955,11746414.0,57.611
2025-12-12 13:04:00,0.0,60.0,60.26,59.98,2870,17254666.0,57.618
2025-12-12 13:05:00,0.0,60.33,60.33,60.03,3338,20097089.0,57.626
2025-12-12 13:06:00,0.0,60.16,60.33,60.05,2593,15615809.0,57.633
2025-12-12 13:07:00,0.0,60.02,60.16,60.02,1834,11020891.0,57.637
2025-12-12 13:08:00,0.0,59.87,60.02,59.83,2775,16632163.0,57.644
2025-12-12 13:09:00,0.0,59.8,59.87,59.78,1653,9887704.0,57.647
2025-12-12 13:10:00,0.0,60.09,60.1,59.75,2371,14215437.0,57.652
2025-12-12 13:11:00,0.0,59.95,60.08,59.95,1549,9301793.0,57.656
2025-12-12 13:12:00,0.0,59.98,59.98,59.85,1791,10728371.0,57.66
2025-12-12 13:13:00,0.0,59.9,60.01,59.9,2265,13588694.0,57.665
2025-12-12 13:14:00,0.0,59.92,59.96,59.84,1352,8097834.0,57.668
2025-12-12 13:15:00,0.0,59.8,59.92,59.8,1415,8468917.0,57.671
2025-12-12 13:16:00,0.0,59.56,59.8,59.45,1897,11295860.0,57.674
2025-12-12 13:17:00,0.0,59.55,59.59,59.46,1684,10023484.0,57.677
2025-12-12 13:18:00,0.0,59.83,59.83,59.56,1160,6925227.0,57.679
2025-12-12 13:19:00,0.0,59.95,59.95,59.76,1543,9231197.0,57.682
2025-12-12 13:20:00,0.0,59.95,60.0,59.92,1439,8630584.0,57.686
2025-12-12 13:21:00,0.0,59.78,59.92,59.76,1238,7405241.0,57.688
2025-12-12 13:22:00,0.0,59.68,59.78,59.68,1301,7772419.0,57.691
2025-12-12 13:23:00,0.0,59.65,59.68,59.57,1308,7797185.0,57.693
2025-12-12 13:24:00,0.0,59.73,59.73,59.68,1540,9193800.0,57.696
2025-12-12 13:25:00,0.0,59.7,59.76,59.7,1052,6284386.0,57.698
2025-12-12 13:26:00,0.0,59.74,59.75,59.7,986,5888076.0,57.7
2025-12-12 13:27:00,0.0,59.61,59.73,59.6,1933,11530406.0,57.703
2025-12-12 13:28:00,0.0,59.32,59.61,59.32,1405,8363826.0,57.706
2025-12-12 13:29:00,0.0,59.38,59.38,59.32,1611,9560463.0,57.708
2025-12-12 13:30:00,0.0,59.47,59.48,59.39,1146,6811400.0,57.71
2025-12-12 13:31:00,0.0,59.35,59.47,59.35,1359,8075302.0,57.712
2025-12-12 13:32:00,0.0,59.28,59.36,59.28,1930,11447914.0,57.715
2025-12-12 13:33:00,0.0,59.1,59.25,59.0,5880,34766402.0,57.723
2025-12-12 13:34:00,0.0,58.7,59.02,58.7,3794,22339588.0,57.727
2025-12-12 13:35:00,0.0,58.19,58.68,58.19,8475,49498984.0,57.732
2025-12-12 13:36:00,0.0,58.81,58.81,58.15,7434,43307731.0,57.736
2025-12-12 13:37:00,0.0,58.78,59.01,58.78,3952,23286314.0,57.74
2025-12-12 13:38:00,0.0,58.4,58.78,58.4,3301,19334188.0,57.743
2025-12-12 13:39:00,0.0,58.86,58.88,58.39,3117,18262324.0,57.745
2025-12-12 13:40:00,0.0,59.25,59.28,58.89,2262,13365289.0,57.748
2025-12-12 13:41:00,0.0,58.93,59.19,58.93,2274,13428360.0,57.75
2025-12-12 13:42:00,0.0,59.4,59.4,58.99,2371,14032549.0,57.754
2025-12-12 13:43:00,0.0,59.13,59.49,59.13,2129,12653492.0,57.757
2025-12-12 13:44:00,0.0,59.1,59.2,59.09,1599,9454343.0,57.759
2025-12-12 13:45:00,0.0,59.2,59.2,59.1,1028,6080379.0,57.76
2025-12-12 13:46:00,0.0,59.25,59.28,59.2,1205,7138753.0,57.762
2025-12-12 13:47:00,0.0,58.99,59.24,58.99,1251,7392952.0,57.763
2025-12-12 13:48:00,0.0,58.94,58.98,58.85,1725,10158285.0,57.765
2025-12-12 13:49:00,0.0,58.96,59.0,58.93,1267,7469674.0,57.766
2025-12-12 13:50:00,0.0,58.95,58.98,58.95,1046,6167771.0,57.767
2025-12-12 13:51:00,0.0,58.87,58.94,58.87,1379,8122416.0,57.769
2025-12-12 13:52:00,0.0,58.97,58.98,58.87,1142,6726914.0,57.77
2025-12-12 13:53:00,0.0,59.09,59.09,58.94,2184,12879912.0,57.772
2025-12-12 13:54:00,0.0,59.25,59.25,59.09,1183,7001576.0,57.774
2025-12-12 13:55:00,0.0,59.57,59.57,59.27,1715,10191229.0,57.776
2025-12-12 13:56:00,0.0,59.57,59.7,59.57,2010,11986639.0,57.779
2025-12-12 13:57:00,0.0,59.37,59.55,59.31,1178,6992344.0,57.781
2025-12-12 13:58:00,0.0,59.3,59.41,59.28,984,5840942.0,57.782
2025-12-12 13:59:00,0.0,59.31,59.32,59.29,1042,6179342.0,57.784
2025-12-12 14:00:00,0.0,59.32,59.33,59.29,1114,6606897.0,57.785
2025-12-12 14:01:00,0.0,59.55,59.55,59.32,921,5472487.0,57.787
2025-12-12 14:02:00,0.0,59.88,59.88,59.57,1582,9451274.0,57.789
2025-12-12 14:03:00,0.0,59.8,59.97,59.8,4083,24467336.0,57.797
2025-12-12 14:04:00,0.0,59.71,59.8,59.65,1390,8301912.0,57.799
2025-12-12 14:05:00,0.0,59.79,59.79,59.7,2220,13260087.0,57.803
2025-12-12 14:06:00,0.0,59.93,59.99,59.8,3012,18056142.0,57.809
2025-12-12 14:07:00,0.0,59.77,59.91,59.77,1105,6612803.0,57.811
2025-12-12 14:08:00,0.0,59.78,59.8,59.75,836,4997842.0,57.812
2025-12-12 14:09:00,0.0,59.7,59.78,59.7,1148,6859017.0,57.814
2025-12-12 14:10:00,0.0,59.53,59.7,59.53,1323,7887885.0,57.816
2025-12-12 14:11:00,0.0,59.6,59.64,59.55,2415,14386021.0,57.82
2025-12-12 14:12:00,0.0,59.6,59.66,59.55,1505,8969964.0,57.822
2025-12-12 14:13:00,0.0,59.57,59.6,59.56,514,3062478.0,57.823
2025-12-12 14:14:00,0.0,59.41,59.58,59.4,1141,6793340.0,57.825
2025-12-12 14:15:00,0.0,59.21,59.41,59.21,1367,8105581.0,57.826
2025-12-12 14:16:00,0.0,59.21,59.21,59.09,1663,9835867.0,57.828
2025-12-12 14:17:00,0.0,59.62,59.62,59.29,855,5083223.0,57.829
2025-12-12 14:18:00,0.0,59.55,59.62,59.49,1745,10399477.0,57.832
2025-12-12 14:19:00,0.0,59.42,59.55,59.42,1129,6714266.0,57.834
2025-12-12 14:20:00,0.0,59.69,59.69,59.45,1340,7979658.0,57.836
2025-12-12 14:21:00,0.0,59.75,59.76,59.69,1444,8622670.0,57.838
2025-12-12 14:22:00,0.0,59.69,59.76,59.69,1667,9958181.0,57.841
2025-12-12 14:23:00,0.0,59.64,59.7,59.6,824,4914184.0,57.842
2025-12-12 14:24:00,0.0,59.55,59.65,59.55,878,5233362.0,57.843
2025-12-12 14:25:00,0.0,59.63,59.63,59.53,1169,6965295.0,57.845
2025-12-12 14:26:00,0.0,59.8,59.8,59.63,2355,14068416.0,57.849
2025-12-12 14:27:00,0.0,60.07,60.07,59.83,6486,38902735.0,57.86
2025-12-12 14:28:00,0.0,60.3,60.3,60.08,4344,26155918.0,57.869
2025-12-12 14:29:00,0.0,59.95,60.35,59.95,3841,23135061.0,57.877
2025-12-12 14:30:00,0.0,60.15,60.15,59.96,2314,13895530.0,57.881
2025-12-12 14:31:00,0.0,60.01,60.28,60.01,4168,25090555.0,57.889
2025-12-12 14:32:00,0.0,59.77,60.0,59.77,2097,12568908.0,57.893
2025-12-12 14:33:00,0.0,59.68,59.71,59.59,3292,19635827.0,57.897
2025-12-12 14:34:00,0.0,60.1,60.1,59.71,1787,10708417.0,57.9
2025-12-12 14:35:00,0.0,60.01,60.18,60.01,2911,17500422.0,57.906
2025-12-12 14:36:00,0.0,60.01,60.03,59.9,2777,16657473.0,57.91
2025-12-12 14:37:00,0.0,60.2,60.23,60.01,3993,24017917.0,57.918
2025-12-12 14:38:00,0.0,60.32,60.32,60.23,5444,32817127.0,57.928
2025-12-12 14:39:00,0.0,60.59,60.59,60.29,7203,43521528.0,57.943
2025-12-12 14:40:00,0.0,61.22,61.22,60.6,14058,85567500.0,57.976
2025-12-12 14:41:00,0.0,61.85,61.88,61.26,13749,84589728.0,58.015
2025-12-12 14:42:00,0.0,60.85,61.96,60.85,13793,84797045.0,58.053
2025-12-12 14:43:00,0.0,61.43,61.51,60.9,8824,54096680.0,58.075
2025-12-12 14:44:00,0.0,61.02,61.45,61.0,9200,56283904.0,58.097
2025-12-12 14:45:00,0.0,61.45,61.45,61.02,6549,40165708.0,58.114
2025-12-12 14:46:00,0.0,61.11,61.5,60.86,9710,59349637.0,58.136
2025-12-12 14:47:00,0.0,60.94,61.11,60.87,5818,35447801.0,58.149
2025-12-12 14:48:00,0.0,61.19,61.19,60.94,4325,26408149.0,58.158
2025-12-12 14:49:00,0.0,61.23,61.31,61.12,5751,35225460.0,58.172
2025-12-12 14:50:00,0.0,61.03,61.31,61.03,4548,27833698.0,58.182
2025-12-12 14:51:00,0.0,61.1,61.1,61.0,5241,31986306.0,58.193
2025-12-12 14:52:00,0.0,61.15,61.16,61.1,8197,50093868.0,58.211
2025-12-12 14:53:00,0.0,61.19,61.19,61.11,5853,35787658.0,58.224
2025-12-12 14:54:00,0.0,61.39,61.39,61.2,6912,42355700.0,58.24
2025-12-12 14:55:00,0.0,61.8,61.8,61.42,8751,53858684.0,58.261
2025-12-12 14:56:00,0.0,61.98,62.0,61.85,16773,103926120.0,58.306
2025-12-12 14:57:00,0.0,62.32,62.37,61.99,15330,95259081.0,58.349
2025-12-12 14:58:00,0.0,62.36,62.38,62.36,393,2450710.0,58.35
2025-12-12 14:59:00,0.0,62.36,62.36,62.36,0,0.0,58.35
2025-12-12 15:00:00,0.0,62.33,62.36,62.33,23249,144911017.0,58.415
2025-12-15 09:30:00,60.99,60.99,60.99,60.99,30178,184056841.0,60.99
2025-12-15 09:31:00,60.9,62.79,62.8,60.58,45137,276613792.0,61.166
2025-12-15 09:32:00,62.82,61.99,63.0,61.97,41572,259922110.0,61.649
2025-12-15 09:33:00,62.04,64.2,64.3,62.04,25661,161963455.0,61.913
2025-12-15 09:34:00,64.3,64.0,64.99,64.0,45005,290310032.0,62.536
2025-12-15 09:35:00,63.95,64.6,64.6,63.76,20690,132387810.0,62.68
2025-12-15 09:36:00,64.64,64.93,65.33,64.64,38589,250822838.0,63.042
2025-12-15 09:37:00,64.82,64.41,64.82,64.12,24327,156629928.0,63.163
2025-12-15 09:38:00,64.5,64.98,65.2,64.5,24664,160174686.0,63.311
2025-12-15 09:39:00,64.86,64.17,64.86,63.94,22770,146697407.0,63.391
2025-12-15 09:40:00,64.18,64.42,64.9,64.18,15437,99746927.0,63.447
2025-12-15 09:41:00,64.42,65.0,65.0,64.37,11558,74746256.0,63.488
2025-12-15 09:42:00,65.01,65.9,65.95,65.01,14603,95629017.0,63.569
2025-12-15 09:43:00,65.93,65.6,66.2,65.6,31050,204855666.0,63.76
2025-12-15 09:44:00,65.6,66.29,66.32,65.6,13574,89435301.0,63.832
2025-12-15 09:45:00,66.32,65.47,66.44,65.47,21472,141982161.0,63.947
2025-12-15 09:46:00,65.45,64.86,65.45,64.86,12119,78948500.0,63.98
2025-12-15 09:47:00,64.77,64.9,65.47,64.71,18037,117483815.0,64.026
2025-12-15 09:48:00,64.88,64.1,64.88,64.1,14996,96573650.0,64.038
2025-12-15 09:49:00,64.05,64.91,64.95,64.04,15431,99589612.0,64.054
2025-12-15 09:50:00,64.83,64.33,64.85,64.2,10330,66688582.0,64.064
2025-12-15 09:51:00,64.33,64.6,64.65,64.2,8171,52644325.0,64.07
2025-12-15 09:52:00,64.53,63.88,64.53,63.88,11632,74598485.0,64.071
2025-12-15 09:53:00,63.88,63.01,63.88,63.01,16871,106947958.0,64.05
2025-12-15 09:54:00,63.0,63.97,63.97,62.86,17530,110822925.0,64.024
2025-12-15 09:55:00,64.0,63.27,64.0,63.27,10469,66689333.0,64.018
2025-12-15 09:56:00,63.35,64.14,64.19,63.35,5888,37510663.0,64.014
2025-12-15 09:57:00,64.26,64.18,64.58,64.18,6590,42444848.0,64.019
2025-12-15 09:58:00,64.18,63.82,64.18,63.82,5560,35573057.0,64.019
2025-12-15 09:59:00,63.83,64.74,64.74,63.83,4544,29202018.0,64.02
2025-12-15 10:00:00,64.75,64.6,64.98,64.59,7036,45608209.0,64.03
2025-12-15 10:01:00,64.53,64.49,64.53,64.31,4049,26087740.0,64.033
2025-12-15 10:02:00,64.39,64.2,64.39,64.03,2862,18368361.0,64.033
2025-12-15 10:03:00,64.21,64.33,64.59,64.21,4608,29687587.0,64.036
2025-12-15 10:04:00,64.33,64.0,64.33,64.0,3959,25432182.0,64.038
2025-12-15 10:05:00,64.0,63.89,64.0,63.82,5844,37337787.0,64.036
2025-12-15 10:06:00,63.9,63.8,64.13,63.8,4722,30200510.0,64.036
2025-12-15 10:07:00,63.84,64.15,64.15,63.8,3653,23331803.0,64.035
2025-12-15 10:08:00,64.16,63.56,64.16,63.5,5805,37037357.0,64.033
2025-12-15 10:09:00,63.51,63.26,63.51,63.26,5933,37600226.0,64.026
2025-12-15 10:10:00,63.26,63.81,63.81,63.26,3963,25133613.0,64.023
2025-12-15 10:11:00,63.86,63.58,63.86,63.58,4580,29195194.0,64.021
2025-12-15 10:12:00,63.53,63.21,63.53,63.21,5536,35066422.0,64.015
2025-12-15 10:13:00,63.2,62.05,63.2,62.05,13390,84026124.0,63.989
2025-12-15 10:14:00,62.01,62.88,62.88,61.92,15956,99356461.0,63.949
2025-12-15 10:15:00,62.88,62.59,63.0,62.59,8005,50306720.0,63.936
2025-12-15 10:16:00,62.47,62.61,62.7,62.33,8668,54207611.0,63.918
2025-12-15 10:17:00,62.63,63.0,63.0,62.62,4477,28098351.0,63.911
2025-12-15 10:18:00,63.01,63.13,63.28,63.01,5109,32275474.0,63.906
2025-12-15 10:19:00,63.21,63.23,63.23,63.03,2941,18565477.0,63.902
2025-12-15 10:20:00,63.23,62.81,63.25,62.81,3149,19866356.0,63.899
2025-12-15 10:21:00,62.8,62.67,62.8,62.61,3832,24025680.0,63.892
2025-12-15 10:22:00,62.65,62.35,62.65,62.35,4259,26633432.0,63.884
2025-12-15 10:23:00,62.31,62.63,62.63,62.24,5779,36013264.0,63.872
2025-12-15 10:24:00,62.64,62.99,62.99,62.64,2989,18760894.0,63.867
2025-12-15 10:25:00,63.0,63.06,63.1,63.0,2613,16480436.0,63.864
2025-12-15 10:26:00,63.07,62.86,63.09,62.86,3310,20866358.0,63.861
2025-12-15 10:27:00,62.86,62.51,62.86,62.51,2498,15656699.0,63.857
2025-12-15 10:28:00,62.54,62.65,62.65,62.48,4404,27531917.0,63.849
2025-12-15 10:29:00,62.66,62.99,63.0,62.66,2344,14722576.0,63.845
2025-12-15 10:30:00,63.0,63.21,63.21,63.0,3323,20950351.0,63.842
2025-12-15 10:31:00,63.2,63.34,63.49,63.2,3944,25001554.0,63.839
2025-12-15 10:32:00,63.32,63.13,63.32,63.0,1765,11148106.0,63.838
2025-12-15 10:33:00,63.13,62.8,63.17,62.8,2933,18477838.0,63.834
2025-12-15 10:34:00,62.81,63.36,63.36,62.81,2426,15310929.0,63.832
2025-12-15 10:35:00,63.4,63.37,63.44,63.32,3750,23769407.0,63.83
2025-12-15 10:36:00,63.39,63.52,63.52,63.39,2724,17283024.0,63.829
2025-12-15 10:37:00,63.66,64.0,64.0,63.66,4414,28195415.0,63.829
2025-12-15 10:38:00,64.0,64.19,64.35,64.0,5497,35325327.0,63.832
2025-12-15 10:39:00,64.08,64.2,64.33,63.94,3591,23027975.0,63.833
2025-12-15 10:40:00,64.2,64.0,64.22,64.0,3254,20869461.0,63.835
2025-12-15 10:41:00,63.98,64.0,64.0,63.91,3982,25470190.0,63.835
2025-12-15 10:42:00,64.0,64.55,64.55,64.0,2742,17609754.0,63.837
2025-12-15 10:43:00,64.53,64.67,64.72,64.5,6370,41179926.0,63.843
2025-12-15 10:44:00,64.68,64.36,64.68,64.33,3307,21338215.0,63.846
2025-12-15 10:45:00,64.41,64.58,64.59,64.39,3043,19637509.0,63.849
2025-12-15 10:46:00,64.58,64.4,64.62,64.4,2226,14365495.0,63.85
2025-12-15 10:47:00,64.3,64.29,64.4,64.24,2836,18242147.0,63.852
2025-12-15 10:48:00,64.3,63.9,64.3,63.9,2438,15635643.0,63.853
2025-12-15 10:49:00,63.92,64.2,64.21,63.9,2432,15575548.0,63.854
2025-12-15 10:50:00,64.17,64.21,64.27,64.15,1736,11146918.0,63.854
2025-12-15 10:51:00,64.2,64.02,64.23,64.01,1546,9917827.0,63.855
2025-12-15 10:52:00,64.0,64.0,64.05,63.93,1992,12746194.0,63.855
2025-12-15 10:53:00,64.15,64.28,64.3,64.0,1380,8860798.0,63.856
2025-12-15 10:54:00,64.3,64.44,64.47,64.3,2142,13798055.0,63.857
2025-12-15 10:55:00,64.49,64.29,64.5,64.29,1925,12404297.0,63.859
2025-12-15 10:56:00,64.28,64.54,64.54,64.06,2124,13658064.0,63.86
2025-12-15 10:57:00,64.56,64.98,64.98,64.56,3125,20242194.0,63.863
2025-12-15 10:58:00,64.99,64.9,65.2,64.9,7340,47742224.0,63.874
2025-12-15 10:59:00,64.9,64.73,64.92,64.7,4217,27337512.0,63.879
2025-12-15 11:00:00,64.79,65.24,65.25,64.79,3227,21007149.0,63.883
2025-12-15 11:01:00,65.26,65.21,65.46,65.21,6434,42065488.0,63.895
2025-12-15 11:02:00,65.12,64.99,65.12,64.9,2654,17248929.0,63.898
2025-12-15 11:03:00,64.98,64.8,65.0,64.8,2600,16883897.0,63.901
2025-12-15 11:04:00,64.8,64.62,64.8,64.56,1880,12164398.0,63.903
2025-12-15 11:05:00,64.53,64.51,64.53,64.4,1702,10975589.0,63.904
2025-12-15 11:06:00,64.5,64.92,64.92,64.5,2229,14412311.0,63.906
2025-12-15 11:07:00,64.89,64.48,64.92,64.48,2197,14216801.0,63.908
2025-12-15 11:08:00,64.45,64.35,64.45,64.27,2131,13708004.0,63.909
2025-12-15 11:09:00,64.35,64.38,64.5,64.35,1733,11163388.0,63.91
2025-12-15 11:10:00,64.4,64.35,64.41,64.29,1576,10144594.0,63.911
2025-12-15 11:11:00,64.33,64.36,64.41,64.27,2074,13344065.0,63.912
2025-12-15 11:12:00,64.34,64.14,64.34,64.14,2005,12870966.0,63.913
2025-12-15 11:13:00,64.12,64.02,64.12,64.01,2502,16028282.0,63.913
2025-12-15 11:14:00,64.06,64.14,64.28,64.06,2076,13317799.0,63.914
2025-12-15 11:15:00,64.14,64.04,64.14,63.99,1467,9394396.0,63.914
2025-12-15 11:16:00,64.08,64.01,64.08,64.0,1632,10451469.0,63.914
2025-12-15 11:17:00,64.0,64.36,64.36,63.99,1778,11392372.0,63.915
2025-12-15 11:18:00,64.36,64.16,64.41,64.16,1011,6502807.0,63.915
2025-12-15 11:19:00,64.15,64.37,64.38,64.15,1088,6995519.0,63.915
2025-12-15 11:20:00,64.33,64.29,64.39,64.28,1872,12039994.0,63.916
2025-12-15 11:21:00,64.28,64.2,64.28,64.12,1005,6447150.0,63.917
2025-12-15 11:22:00,64.25,64.33,64.33,64.21,666,4279379.0,63.917
2025-12-15 11:23:00,64.33,64.33,64.36,64.3,895,5758393.0,63.917
2025-12-15 11:24:00,64.33,64.5,64.5,64.33,885,5700304.0,63.918
2025-12-15 11:25:00,64.55,64.3,64.55,64.3,1383,8910063.0,63.919
2025-12-15 11:26:00,64.31,64.36,64.5,64.31,831,5352315.0,63.919
2025-12-15 11:27:00,64.36,64.32,64.36,64.2,1185,7619514.0,63.92
2025-12-15 11:28:00,64.31,64.39,64.49,64.31,1076,6930347.0,63.92
2025-12-15 11:29:00,64.4,64.56,64.56,64.39,1133,7306346.0,63.921
2025-12-15 11:30:00,64.6,64.83,64.91,64.6,2066,13374553.0,63.923
2025-12-15 13:01:00,64.86,64.41,64.88,64.35,3445,22304124.0,63.926
2025-12-15 13:02:00,64.4,64.33,64.56,64.33,1345,8676370.0,63.927
2025-12-15 13:03:00,64.33,64.26,64.33,64.2,1307,8400124.0,63.927
2025-12-15 13:04:00,64.27,64.6,64.7,64.27,1097,7082898.0,63.928
2025-12-15 13:05:00,64.59,64.5,64.6,64.28,1572,10131100.0,63.929
2025-12-15 13:06:00,64.36,64.37,64.56,64.35,1115,7190480.0,63.93
2025-12-15 13:07:00,64.37,64.4,64.44,64.36,747,4810287.0,63.93
2025-12-15 13:08:00,64.43,64.8,64.83,64.43,1037,6698679.0,63.931
2025-12-15 13:09:00,64.81,65.0,65.0,64.8,2881,18714879.0,63.934
2025-12-15 13:10:00,65.02,64.95,65.12,64.95,2545,16547898.0,63.937
2025-12-15 13:11:00,64.95,65.3,65.3,64.94,2769,18031133.0,63.941
2025-12-15 13:12:00,65.31,65.21,65.31,65.01,3798,24782293.0,63.946
2025-12-15 13:13:00,65.17,64.88,65.22,64.88,1728,11236719.0,63.948
2025-12-15 13:14:00,64.85,64.98,64.98,64.79,1213,7864823.0,63.949
2025-12-15 13:15:00,65.01,65.01,65.1,64.92,1383,8992676.0,63.951
2025-12-15 13:16:00,64.99,64.58,64.99,64.58,1721,11141843.0,63.952
2025-12-15 13:17:00,64.66,64.66,64.68,64.56,1439,9298744.0,63.953
2025-12-15 13:18:00,64.67,64.4,64.67,64.33,2432,15689136.0,63.955
2025-12-15 13:19:00,64.42,64.59,64.66,64.42,1742,11244283.0,63.956
2025-12-15 13:20:00,64.55,64.59,64.6,64.52,1020,6585990.0,63.957
2025-12-15 13:21:00,64.62,64.5,64.63,64.5,2354,15201563.0,63.958
2025-12-15 13:22:00,64.5,64.45,64.51,64.4,1558,10039270.0,63.959
2025-12-15 13:23:00,64.45,64.59,64.59,64.4,1464,9436142.0,63.96
2025-12-15 13:24:00,64.59,64.61,64.67,64.54,1406,9079436.0,63.961
2025-12-15 13:25:00,64.66,64.89,64.89,64.66,899,5826892.0,63.962
2025-12-15 13:26:00,64.89,64.68,64.9,64.68,1692,10970127.0,63.963
2025-12-15 13:27:00,64.66,64.65,64.68,64.58,1109,7165774.0,63.964
2025-12-15 13:28:00,64.65,64.68,64.7,64.63,1159,7494802.0,63.965
2025-12-15 13:29:00,64.67,64.48,64.67,64.48,1724,11137054.0,63.966
2025-12-15 13:30:00,64.48,64.29,64.48,64.29,2181,14034988.0,63.967
2025-12-15 13:31:00,64.27,64.23,64.27,64.16,2309,14824641.0,63.967
2025-12-15 13:32:00,64.24,64.49,64.49,64.23,1268,8150827.0,63.968
2025-12-15 13:33:00,64.49,64.33,64.5,64.33,1430,9212396.0,63.969
2025-12-15 13:34:00,64.32,64.18,64.35,64.18,1580,10158021.0,63.969
2025-12-15 13:35:00,64.16,64.05,64.16,64.05,2774,17785463.0,63.97
2025-12-15 13:36:00,64.05,64.28,64.28,64.03,2004,12840020.0,63.97
2025-12-15 13:37:00,64.3,64.38,64.38,64.3,1205,7751056.0,63.97
2025-12-15 13:38:00,64.4,64.18,64.4,64.18,1497,9624134.0,63.971
2025-12-15 13:39:00,64.2,64.25,64.28,64.18,1207,7751837.0,63.971
2025-12-15 13:40:00,64.28,64.45,64.45,64.28,916,5896086.0,63.971
2025-12-15 13:41:00,64.46,64.68,64.68,64.46,1651,10664744.0,63.973
2025-12-15 13:42:00,64.85,64.77,64.86,64.77,1540,9979371.0,63.974
2025-12-15 13:43:00,64.7,64.96,64.96,64.7,1389,9007566.0,63.975
2025-12-15 13:44:00,64.96,65.0,65.16,64.96,3734,24284645.0,63.979
2025-12-15 13:45:00,64.99,64.91,64.99,64.77,2194,14232217.0,63.981
2025-12-15 13:46:00,64.9,65.14,65.14,64.9,2386,15508954.0,63.984
2025-12-15 13:47:00,65.15,65.16,65.26,65.15,3795,24741284.0,63.988
2025-12-15 13:48:00,65.09,64.79,65.09,64.76,1405,9112643.0,63.99
2025-12-15 13:49:00,64.78,65.15,65.15,64.78,1441,9360729.0,63.991
2025-12-15 13:50:00,65.14,65.0,65.2,65.0,2377,15473415.0,63.994
2025-12-15 13:51:00,65.0,64.9,65.0,64.9,1384,8990790.0,63.995
2025-12-15 13:52:00,64.88,65.02,65.02,64.88,902,5856008.0,63.996
2025-12-15 13:53:00,65.02,65.3,65.3,65.02,2049,13359777.0,63.998
2025-12-15 13:54:00,65.3,65.68,65.68,65.3,4993,32683876.0,64.006
2025-12-15 13:55:00,65.73,65.81,65.98,65.73,8187,53926772.0,64.021
2025-12-15 13:56:00,65.83,65.49,65.83,65.24,3586,23510097.0,64.027
2025-12-15 13:57:00,65.49,65.99,65.99,65.49,3601,23706859.0,64.033
2025-12-15 13:58:00,65.99,65.75,66.0,65.71,7682,50665769.0,64.048
2025-12-15 13:59:00,65.75,66.0,66.0,65.72,3735,24621865.0,64.055
2025-12-15 14:00:00,66.0,66.24,66.29,66.0,7083,46876357.0,64.069
2025-12-15 14:01:00,66.18,65.77,66.18,65.77,3556,23477825.0,64.076
2025-12-15 14:02:00,65.75,66.17,66.17,65.75,3087,20364256.0,64.082
2025-12-15 14:03:00,66.18,65.89,66.21,65.89,4203,27785797.0,64.09
2025-12-15 14:04:00,65.88,65.98,66.0,65.88,2659,17541917.0,64.095
2025-12-15 14:05:00,65.98,65.63,65.98,65.63,2892,19040343.0,64.099
2025-12-15 14:06:00,65.6,64.95,65.6,64.95,2933,19121120.0,64.103
2025-12-15 14:07:00,64.93,65.4,65.58,64.89,2686,17500129.0,64.105
2025-12-15 14:08:00,65.4,65.21,65.4,65.0,2526,16449793.0,64.108
2025-12-15 14:09:00,65.22,65.03,65.22,65.03,2291,14912199.0,64.11
2025-12-15 14:10:00,65.1,65.3,65.3,65.08,2487,16203601.0,64.112
2025-12-15 14:11:00,65.29,65.35,65.35,65.25,2107,13759564.0,64.115
2025-12-15 14:12:00,65.38,65.66,65.68,65.38,1446,9470716.0,64.117
2025-12-15 14:13:00,65.68,65.76,65.87,65.68,2715,17860821.0,64.121
2025-12-15 14:14:00,65.7,65.48,65.7,65.39,1390,9105808.0,64.123
2025-12-15 14:15:00,65.48,65.49,65.57,65.48,1647,10791468.0,64.125
2025-12-15 14:16:00,65.43,65.27,65.43,65.24,1290,8429053.0,64.126
2025-12-15 14:17:00,65.23,65.26,65.28,65.2,1406,9172119.0,64.128
2025-12-15 14:18:00,65.25,65.42,65.45,65.25,1577,10301081.0,64.13
2025-12-15 14:19:00,65.49,65.54,65.54,65.49,1634,10705175.0,64.132
2025-12-15 14:20:00,65.59,65.7,65.7,65.59,2589,16986386.0,64.135
2025-12-15 14:21:00,65.7,65.95,65.95,65.7,2505,16498426.0,64.139
2025-12-15 14:22:00,65.95,65.71,65.99,65.71,3428,22607338.0,64.145
2025-12-15 14:23:00,65.64,65.4,65.66,65.39,1545,10115717.0,64.147
2025-12-15 14:24:00,65.4,65.8,65.8,65.39,1580,10360161.0,64.149
2025-12-15 14:25:00,65.84,65.8,65.85,65.8,1896,12479429.0,64.152
2025-12-15 14:26:00,65.79,65.67,65.79,65.64,2368,15569339.0,64.155
2025-12-15 14:27:00,65.68,65.84,65.84,65.67,2524,16598918.0,64.159
2025-12-15 14:28:00,65.84,65.99,66.0,65.84,4244,27998380.0,64.166
2025-12-15 14:29:00,65.96,65.78,65.97,65.78,2323,15302763.0,64.17
2025-12-15 14:30:00,65.77,66.0,66.0,65.76,2087,13754827.0,64.173
2025-12-15 14:31:00,66.0,66.2,66.2,66.0,4252,28114477.0,64.181
2025-12-15 14:32:00,66.25,66.38,66.38,66.25,4219,27970817.0,64.189
2025-12-15 14:33:00,66.38,65.89,66.4,65.89,5824,38580267.0,64.199
2025-12-15 14:34:00,65.88,66.06,66.07,65.81,2949,19437746.0,64.204
2025-12-15 14:35:00,66.06,65.82,66.1,65.82,3579,23619058.0,64.21
2025-12-15 14:36:00,65.82,65.49,65.82,65.49,2806,18427178.0,64.213
2025-12-15 14:37:00,65.46,64.7,65.47,64.7,7327,47637223.0,64.219
2025-12-15 14:38:00,64.63,63.77,64.63,63.77,12928,82993710.0,64.218
2025-12-15 14:39:00,63.64,64.58,64.8,63.56,17511,112338120.0,64.217
2025-12-15 14:40:00,64.42,64.0,64.42,63.6,11974,76559155.0,64.214
2025-12-15 14:41:00,64.02,64.17,64.62,64.02,6692,43046532.0,64.215
2025-12-15 14:42:00,64.0,63.96,64.0,63.66,9218,58809832.0,64.212
2025-12-15 14:43:00,64.0,64.4,64.5,64.0,5470,35167171.0,64.212
2025-12-15 14:44:00,64.37,63.95,64.37,63.9,4989,31973538.0,64.212
2025-12-15 14:45:00,63.92,64.12,64.12,63.9,5611,35898896.0,64.211
2025-12-15 14:46:00,64.11,64.42,64.42,64.11,3154,20263784.0,64.211
2025-12-15 14:47:00,64.43,64.97,64.98,64.43,4078,26396364.0,64.213
2025-12-15 14:48:00,64.95,64.83,64.95,64.51,6936,44922008.0,64.216
2025-12-15 14:49:00,64.85,64.73,64.87,64.7,4116,26680112.0,64.218
2025-12-15 14:50:00,64.7,64.69,64.7,64.51,3587,23183068.0,64.219
2025-12-15 14:51:00,64.7,64.52,64.77,64.52,5345,34556674.0,64.221
2025-12-15 14:52:00,64.55,64.84,64.84,64.51,4615,29816769.0,64.222
2025-12-15 14:53:00,64.85,65.06,65.08,64.85,6245,40557373.0,64.226
2025-12-15 14:54:00,65.08,65.44,65.44,65.08,5712,37269003.0,64.231
2025-12-15 14:55:00,65.47,65.18,65.5,65.18,8138,53212213.0,64.238
2025-12-15 14:56:00,65.15,65.06,65.15,64.96,8809,57322312.0,64.244
2025-12-15 14:57:00,65.1,65.3,65.43,65.08,12817,83681666.0,64.254
2025-12-15 14:58:00,65.3,65.3,65.3,65.3,428,2794167.0,64.255
2025-12-15 14:59:00,65.3,65.3,65.3,65.3,0,0.0,64.255
2025-12-15 15:00:00,65.3,65.3,65.3,65.3,19801,129300530.0,64.271
